,店舗,緯度,経度,cluster_id
0,osaka_A2701_A270101_27000166,34.697892,135.497628,0
1,osaka_A2701_A270101_27000184,34.697522,135.500042,0
2,osaka_A2701_A270101_27000188,34.697633,135.499743,0
3,osaka_A2701_A270101_27000217,34.696379,135.498201,0
4,osaka_A2701_A270101_27000297,34.70349,135.497803,0
5,osaka_A2701_A270101_27000315,34.702495,135.500849,0
6,osaka_A2701_A270101_27000322,34.704732,135.490622,0
7,osaka_A2701_A270101_27000614,34.711141,135.500948,0
8,osaka_A2701_A270101_27000763,34.698698,135.491537,0
9,osaka_A2701_A270101_27001902,34.702968,135.499527,0
10,osaka_A2701_A270101_27002171,34.697603,135.495288,0
11,osaka_A2701_A270101_27002481,34.705967,135.498475,0
12,osaka_A2701_A270101_27003232,34.711285,135.499701,0
13,osaka_A2701_A270101_27003367,34.6979,135.497796,0
14,osaka_A2701_A270101_27003533,34.698934,135.497954,0
15,osaka_A2701_A270101_27003766,34.698779,135.499416,0
16,osaka_A2701_A270101_27003858,34.704606,135.500342,0
17,osaka_A2701_A270101_27004267,34.699413,135.495301,0
18,osaka_A2701_A270101_27006074,34.696401,135.50036,0
19,osaka_A2701_A270101_27006469,34.703622,135.498385,0
20,osaka_A2701_A270101_27006684,34.712523,135.499648,0
21,osaka_A2701_A270101_27009408,34.698779,135.499416,0
22,osaka_A2701_A270101_27012248,34.70358,135.498081,0
23,osaka_A2701_A270101_27013772,34.698779,135.499416,0
24,osaka_A2701_A270101_27015312,34.698779,135.499416,0
25,osaka_A2701_A270101_27015342,34.709053,135.501434,0
26,osaka_A2701_A270101_27043360,34.698934,135.497954,0
27,osaka_A2701_A270101_27043596,34.697011,135.49833,0
28,osaka_A2701_A270101_27043878,34.698934,135.497954,0
29,osaka_A2701_A270101_27044588,34.697835,135.49849,0
30,osaka_A2701_A270101_27045333,34.697909,135.492585,0
31,osaka_A2701_A270101_27046071,34.697276,135.497145,0
32,osaka_A2701_A270101_27050149,34.696072,135.497685,0
33,osaka_A2701_A270101_27051831,34.697995,135.495937,0
34,osaka_A2701_A270101_27052204,34.70358,135.498081,0
35,osaka_A2701_A270101_27052272,34.69508,135.500759,0
36,osaka_A2701_A270101_27054292,34.702146,135.499957,0
37,osaka_A2701_A270101_27056300,34.698779,135.499416,0
38,osaka_A2701_A270101_27056537,34.698797,135.503043,0
39,osaka_A2701_A270101_27057161,34.70294,135.49555,0
40,osaka_A2701_A270101_27057420,34.696072,135.497685,0
41,osaka_A2701_A270101_27058412,34.69699,135.497225,0
42,osaka_A2701_A270101_27059284,34.696559,135.497685,0
43,osaka_A2701_A270101_27060358,34.703865,135.500578,0
44,osaka_A2701_A270101_27062999,34.699618,135.49879,0
45,osaka_A2701_A270101_27065615,34.696507,135.497158,0
46,osaka_A2701_A270101_27067874,34.702999,135.506063,0
47,osaka_A2701_A270101_27069919,34.707519,135.507204,0
48,osaka_A2701_A270101_27071287,34.701546,135.505225,0
49,osaka_A2701_A270101_27072441,34.697586,135.499583,0
50,osaka_A2701_A270101_27072543,34.70411,135.49479,0
51,osaka_A2701_A270101_27074379,34.696281,135.496894,0
52,osaka_A2701_A270101_27074484,34.703424,135.500613,0
53,osaka_A2701_A270101_27074795,34.703358,135.490465,0
54,osaka_A2701_A270101_27076552,34.711735,135.496858,0
55,osaka_A2701_A270101_27080479,34.700835,135.501685,0
56,osaka_A2701_A270101_27084317,34.708842,135.508061,0
57,osaka_A2701_A270101_27084544,34.70294,135.49555,0
58,osaka_A2701_A270101_27085007,34.711086,135.500549,0
59,osaka_A2701_A270101_27085130,34.70411,135.506136,0
60,osaka_A2701_A270101_27085402,34.706547,135.4878,0
61,osaka_A2701_A270101_27087157,34.705201,135.495651,0
62,osaka_A2701_A270101_27088923,34.708494,135.507057,0
63,osaka_A2701_A270101_27091267,34.703425,135.498975,0
64,osaka_A2701_A270101_27091294,34.697951,135.494839,0
65,osaka_A2701_A270101_27092018,34.695685,135.499274,0
66,osaka_A2701_A270101_27092383,34.705027,135.498427,0
67,osaka_A2701_A270101_27093070,34.705967,135.498475,0
68,osaka_A2701_A270101_27099114,34.698018,135.498713,0
69,osaka_A2701_A270101_27102306,34.70294,135.49555,0
70,osaka_A2701_A270101_27102312,34.70294,135.49555,0
71,osaka_A2701_A270101_27104891,34.71131,135.499996,0
72,osaka_A2701_A270101_27105162,34.70094,135.499003,0
73,osaka_A2701_A270101_27119787,34.697572,135.497888,0
74,osaka_A2701_A270102_27000005,34.690015,135.503782,0
75,osaka_A2701_A270102_27001653,34.691164,135.503435,0
76,osaka_A2701_A270102_27002376,34.690647,135.497127,0
77,osaka_A2701_A270102_27002387,34.696038,135.502995,0
78,osaka_A2701_A270102_27002769,34.689473,135.495384,0
79,osaka_A2701_A270102_27003694,34.689483,135.51003,0
80,osaka_A2701_A270102_27004672,34.687312,135.506802,0
81,osaka_A2701_A270102_27004773,34.687812,135.494869,0
82,osaka_A2701_A270102_27004971,34.687801,135.505883,0
83,osaka_A2701_A270102_27009454,34.687486,135.508206,0
84,osaka_A2701_A270102_27015618,34.688209,135.508615,0
85,osaka_A2701_A270102_27026547,34.687996,135.503793,0
86,osaka_A2701_A270102_27027893,34.689622,135.493396,0
87,osaka_A2701_A270102_27052316,34.691743,135.495586,0
88,osaka_A2701_A270102_27052440,34.686215,135.493676,8
89,osaka_A2701_A270102_27060282,34.689046,135.494758,0
90,osaka_A2701_A270102_27060424,34.690015,135.510031,0
91,osaka_A2701_A270102_27064714,34.687232,135.494294,0
92,osaka_A2701_A270102_27065591,34.687502,135.49752,0
93,osaka_A2701_A270102_27067203,34.688671,135.495918,0
94,osaka_A2701_A270102_27073555,34.68638,135.49894,0
95,osaka_A2701_A270102_27074638,34.69034,135.508678,0
96,osaka_A2701_A270102_27078520,34.691533,135.50459,0
97,osaka_A2701_A270102_27079112,34.689543,135.495054,0
98,osaka_A2701_A270102_27085978,34.6892,135.50482,0
99,osaka_A2701_A270102_27087777,34.687911,135.502967,0
100,osaka_A2701_A270102_27089982,34.68966,135.50425,0
101,osaka_A2701_A270102_27090304,34.687336,135.510045,0
102,osaka_A2701_A270102_27093042,34.688572,135.507694,0
103,osaka_A2701_A270102_27094721,34.689273,135.493212,0
104,osaka_A2701_A270102_27098694,34.687801,135.495233,0
105,osaka_A2701_A270102_27106100,34.689224,135.492954,0
106,osaka_A2701_A270102_27107948,34.687475,135.502749,0
107,osaka_A2701_A270103_27000526,34.707702,135.509477,0
108,osaka_A2701_A270103_27000527,34.708018,135.512452,0
109,osaka_A2701_A270103_27000530,34.714015,135.510869,0
110,osaka_A2701_A270103_27000533,34.70754,135.510469,0
111,osaka_A2701_A270103_27000534,34.707545,135.510565,0
112,osaka_A2701_A270103_27002204,34.706291,135.511578,0
113,osaka_A2701_A270103_27002205,34.707758,135.511596,0
114,osaka_A2701_A270103_27002207,34.707692,135.511444,0
115,osaka_A2701_A270103_27002214,34.699061,135.513532,0
116,osaka_A2701_A270103_27002267,34.698221,135.51157,0
117,osaka_A2701_A270103_27002272,34.696738,135.518351,0
118,osaka_A2701_A270103_27002277,34.708303,135.511044,0
119,osaka_A2701_A270103_27002280,34.702006,135.511662,0
120,osaka_A2701_A270103_27002291,34.696343,135.509696,0
121,osaka_A2701_A270103_27002322,34.710185,135.511161,0
122,osaka_A2701_A270103_27003229,34.711231,135.51115,0
123,osaka_A2701_A270103_27003230,34.711231,135.51115,0
124,osaka_A2701_A270103_27003383,34.710253,135.507705,0
125,osaka_A2701_A270103_27003763,34.693805,135.517311,0
126,osaka_A2701_A270103_27003769,34.697106,135.51157,0
127,osaka_A2701_A270103_27004204,34.7059,135.511919,0
128,osaka_A2701_A270103_27004332,34.708892,135.51155,0
129,osaka_A2701_A270103_27004358,34.70225,135.510303,0
130,osaka_A2701_A270103_27004399,34.706623,135.511233,0
131,osaka_A2701_A270103_27004401,34.707562,135.513871,0
132,osaka_A2701_A270103_27004477,34.705519,135.511937,0
133,osaka_A2701_A270103_27005842,34.705844,135.511891,0
134,osaka_A2701_A270103_27006641,34.707804,135.511394,0
135,osaka_A2701_A270103_27007203,34.705927,135.511622,0
136,osaka_A2701_A270103_27007840,34.709642,135.510978,0
137,osaka_A2701_A270103_27007885,34.700104,135.50965,0
138,osaka_A2701_A270103_27009169,34.707323,135.512803,0
139,osaka_A2701_A270103_27009941,34.695469,135.511573,0
140,osaka_A2701_A270103_27010824,34.705473,135.511686,0
141,osaka_A2701_A270103_27011477,34.70655,135.511236,0
142,osaka_A2701_A270103_27011685,34.697341,135.508245,0
143,osaka_A2701_A270103_27011890,34.6985,135.511973,0
144,osaka_A2701_A270103_27011969,34.706754,135.511932,0
145,osaka_A2701_A270103_27012484,34.695784,135.511639,0
146,osaka_A2701_A270103_27012753,34.707362,135.513208,0
147,osaka_A2701_A270103_27013555,34.698763,135.511808,0
148,osaka_A2701_A270103_27018067,34.704148,135.511319,0
149,osaka_A2701_A270103_27018753,34.710012,135.512676,0
150,osaka_A2701_A270103_27019627,34.705545,135.51167,0
151,osaka_A2701_A270103_27020458,34.707982,135.512201,0
152,osaka_A2701_A270103_27020801,34.708405,135.511905,0
153,osaka_A2701_A270103_27020806,34.697839,135.518326,0
154,osaka_A2701_A270103_27023038,34.706824,135.511499,0
155,osaka_A2701_A270103_27040987,34.699357,135.512715,0
156,osaka_A2701_A270103_27041018,34.703489,135.511265,0
157,osaka_A2701_A270103_27041620,34.70686,135.512305,0
158,osaka_A2701_A270103_27042046,34.699967,135.512766,0
159,osaka_A2701_A270103_27042439,34.707144,135.512075,0
160,osaka_A2701_A270103_27044987,34.705754,135.507669,0
161,osaka_A2701_A270103_27053555,34.713236,135.50551,0
162,osaka_A2701_A270103_27055818,34.69652,135.51164,0
163,osaka_A2701_A270103_27056327,34.709892,135.511136,0
164,osaka_A2701_A270103_27056367,34.707368,135.506546,0
165,osaka_A2701_A270103_27060137,34.699615,135.506597,0
166,osaka_A2701_A270103_27061014,34.705105,135.511516,0
167,osaka_A2701_A270103_27061676,34.695242,135.507835,0
168,osaka_A2701_A270103_27062565,34.70754,135.509893,0
169,osaka_A2701_A270103_27063993,34.706143,135.510482,0
170,osaka_A2701_A270103_27064698,34.707079,135.512773,0
171,osaka_A2701_A270103_27065828,34.703303,135.511666,0
172,osaka_A2701_A270103_27068884,34.69704,135.514254,0
173,osaka_A2701_A270103_27071749,34.70141,135.511219,0
174,osaka_A2701_A270103_27074457,34.708178,135.511042,0
175,osaka_A2701_A270103_27076635,34.712221,135.510234,0
176,osaka_A2701_A270103_27076702,34.714015,135.510869,0
177,osaka_A2701_A270103_27077078,34.706078,135.511228,0
178,osaka_A2701_A270103_27077316,34.704534,135.511836,0
179,osaka_A2701_A270103_27077443,34.703441,135.512766,0
180,osaka_A2701_A270103_27079346,34.70844,135.512949,0
181,osaka_A2701_A270103_27080059,34.69639,135.505363,0
182,osaka_A2701_A270103_27080941,34.710098,135.512387,0
183,osaka_A2701_A270103_27081764,34.692706,135.515725,0
184,osaka_A2701_A270103_27082162,34.695624,135.511688,0
185,osaka_A2701_A270103_27083702,34.706234,135.511228,0
186,osaka_A2701_A270103_27083921,34.695712,135.51005,0
187,osaka_A2701_A270103_27086717,34.698627,135.51295,0
188,osaka_A2701_A270103_27087731,34.697106,135.51157,0
189,osaka_A2701_A270103_27087911,34.696838,135.505101,0
190,osaka_A2701_A270103_27088188,34.700533,135.511293,0
191,osaka_A2701_A270103_27088273,34.705203,135.51214,0
192,osaka_A2701_A270103_27091695,34.700525,135.511464,0
193,osaka_A2701_A270103_27094106,34.706028,135.511081,0
194,osaka_A2701_A270103_27094256,34.697756,135.503901,0
195,osaka_A2701_A270103_27099481,34.706209,135.511854,0
196,osaka_A2701_A270103_27101127,34.697444,135.508081,0
197,osaka_A2701_A270103_27106055,34.709644,135.511077,0
198,osaka_A2701_A270103_27110877,34.712823,135.510357,0
199,osaka_A2701_A270103_27112474,34.694877,135.511935,0
200,osaka_A2701_A270103_27113697,34.708376,135.5119,0
201,osaka_A2701_A270103_27118669,34.699794,135.510737,0
202,osaka_A2701_A270104_27058615,34.683237,135.514239,12
203,osaka_A2701_A270104_27062194,34.682515,135.51214,12
204,osaka_A2701_A270104_27064588,34.684246,135.512729,12
205,osaka_A2701_A270104_27072330,34.694877,135.511935,0
206,osaka_A2701_A270104_27074662,34.687279,135.517665,12
207,osaka_A2701_A270104_27075434,34.686233,135.515558,12
208,osaka_A2701_A270104_27076165,34.688092,135.516768,12
209,osaka_A2701_A270104_27081196,34.685241,135.514732,12
210,osaka_A2701_A270104_27081491,34.684261,135.512913,12
211,osaka_A2701_A270104_27086725,34.688108,135.516972,12
212,osaka_A2701_A270104_27088994,34.684033,135.514369,12
213,osaka_A2701_A270104_27092793,34.682822,135.515851,12
214,osaka_A2701_A270104_27094540,34.685294,135.517082,12
215,osaka_A2701_A270104_27097328,34.690115,135.516403,0
216,osaka_A2701_A270104_27104366,34.682927,135.516891,12
217,osaka_A2701_A270105_27001084,34.676132,135.483751,8
218,osaka_A2701_A270105_27004696,34.677047,135.487029,8
219,osaka_A2701_A270105_27017829,34.672951,135.483539,8
220,osaka_A2701_A270105_27041650,34.679423,135.487432,8
221,osaka_A2701_A270105_27042868,34.67301,135.490239,8
222,osaka_A2701_A270105_27044060,34.680493,135.486907,8
223,osaka_A2701_A270105_27049938,34.680034,135.489134,8
224,osaka_A2701_A270105_27061506,34.683286,135.485407,8
225,osaka_A2701_A270105_27065090,34.684993,135.48942,8
226,osaka_A2701_A270105_27073357,34.684913,135.489024,8
227,osaka_A2701_A270105_27075622,34.682325,135.486397,8
228,osaka_A2701_A270105_27085952,34.683132,135.485274,8
229,osaka_A2701_A270105_27095877,34.683286,135.485407,8
230,osaka_A2701_A270106_27000068,34.684525,135.508357,0
231,osaka_A2701_A270106_27000071,34.686024,135.501529,0
232,osaka_A2701_A270106_27001073,34.685534,135.507111,0
233,osaka_A2701_A270106_27002150,34.679796,135.501344,8
234,osaka_A2701_A270106_27007862,34.682762,135.494068,8
235,osaka_A2701_A270106_27008161,34.682335,135.50432,8
236,osaka_A2701_A270106_27012545,34.686914,135.499457,0
237,osaka_A2701_A270106_27014646,34.679857,135.504375,8
238,osaka_A2701_A270106_27017929,34.687226,135.498486,0
239,osaka_A2701_A270106_27049410,34.682375,135.493755,8
240,osaka_A2701_A270106_27050088,34.679422,135.507307,8
241,osaka_A2701_A270106_27060177,34.683332,135.49826,8
242,osaka_A2701_A270106_27067804,34.685926,135.504667,0
243,osaka_A2701_A270106_27071670,34.683871,135.509589,8
244,osaka_A2701_A270106_27072653,34.67719,135.508171,8
245,osaka_A2701_A270106_27077371,34.68282,135.505393,8
246,osaka_A2701_A270106_27077641,34.683273,135.495862,8
247,osaka_A2701_A270106_27079657,34.679035,135.49918,8
248,osaka_A2701_A270106_27081821,34.678592,135.498038,8
249,osaka_A2701_A270106_27082257,34.682524,135.502168,8
250,osaka_A2701_A270106_27083077,34.680328,135.49619,8
251,osaka_A2701_A270106_27086512,34.682578,135.50166,8
252,osaka_A2701_A270106_27086943,34.682273,135.504811,8
253,osaka_A2701_A270106_27087256,34.681371,135.495023,8
254,osaka_A2701_A270106_27087593,34.680557,135.511734,12
255,osaka_A2701_A270106_27089426,34.682236,135.509865,8
256,osaka_A2701_A270106_27090650,34.679527,135.498422,8
257,osaka_A2701_A270106_27090916,34.685747,135.507757,0
258,osaka_A2701_A270106_27091350,34.679787,135.5061,8
259,osaka_A2701_A270106_27092078,34.679388,135.510561,8
260,osaka_A2701_A270106_27094202,34.686322,135.497171,0
261,osaka_A2701_A270106_27094480,34.684546,135.508733,0
262,osaka_A2701_A270106_27100196,34.680458,135.493527,8
263,osaka_A2701_A270106_27107652,34.679364,135.503327,8
264,osaka_A2701_A270106_27111506,34.684149,135.503089,8
265,osaka_A2701_A270106_27115366,34.681864,135.506664,8
266,osaka_A2701_A270106_27118156,34.680198,135.501326,8
267,osaka_A2701_A270106_27121182,34.682968,135.496371,8
268,osaka_A2701_A270107_27001131,34.698735,135.535643,4
269,osaka_A2701_A270107_27001133,34.698184,135.534481,4
270,osaka_A2701_A270107_27002243,34.696469,135.531775,4
271,osaka_A2701_A270107_27002273,34.693512,135.526426,4
272,osaka_A2701_A270107_27003957,34.681251,135.531635,12
273,osaka_A2701_A270107_27004037,34.697599,135.533788,4
274,osaka_A2701_A270107_27004363,34.697801,135.534304,4
275,osaka_A2701_A270107_27004686,34.69738,135.53464,4
276,osaka_A2701_A270107_27004902,34.697375,135.535324,4
277,osaka_A2701_A270107_27005121,34.70003,135.534186,4
278,osaka_A2701_A270107_27006579,34.697776,135.53422,4
279,osaka_A2701_A270107_27007296,34.696902,135.533617,4
280,osaka_A2701_A270107_27007906,34.697373,135.534548,4
281,osaka_A2701_A270107_27007945,34.698399,135.535439,4
282,osaka_A2701_A270107_27008975,34.696174,135.531146,4
283,osaka_A2701_A270107_27013765,34.697781,135.534125,4
284,osaka_A2701_A270107_27013801,34.67797,135.535555,12
285,osaka_A2701_A270107_27014445,34.697941,135.534515,4
286,osaka_A2701_A270107_27015214,34.69669,135.533912,4
287,osaka_A2701_A270107_27017468,34.697595,135.534575,4
288,osaka_A2701_A270107_27017735,34.698228,135.533686,4
289,osaka_A2701_A270107_27018707,34.698316,135.53442,4
290,osaka_A2701_A270107_27019125,34.696364,135.529988,4
291,osaka_A2701_A270107_27036483,34.698424,135.533693,4
292,osaka_A2701_A270107_27041868,34.701002,135.533617,4
293,osaka_A2701_A270107_27042677,34.676614,135.532429,12
294,osaka_A2701_A270107_27044094,34.697841,135.530418,4
295,osaka_A2701_A270107_27049934,34.700778,135.534585,4
296,osaka_A2701_A270107_27052971,34.696676,135.530597,4
297,osaka_A2701_A270107_27055508,34.697373,135.535266,4
298,osaka_A2701_A270107_27075918,34.698684,135.534159,4
299,osaka_A2701_A270107_27077286,34.696803,135.533175,4
300,osaka_A2701_A270107_27079029,34.697365,135.53489,4
301,osaka_A2701_A270107_27083853,34.697859,135.533802,4
302,osaka_A2701_A270107_27087149,34.696116,135.531266,4
303,osaka_A2701_A270107_27088672,34.698511,135.53365,4
304,osaka_A2701_A270107_27089375,34.692917,135.525096,4
305,osaka_A2701_A270107_27090383,34.69791,135.533864,4
306,osaka_A2701_A270107_27107380,34.702083,135.528209,4
307,osaka_A2701_A270107_27109896,34.697373,135.534548,4
308,osaka_A2701_A270108_27000046,34.689085,135.476288,8
309,osaka_A2701_A270108_27001230,34.694589,135.487081,0
310,osaka_A2701_A270108_27002682,34.699901,135.489622,0
311,osaka_A2701_A270108_27002698,34.684286,135.477717,8
312,osaka_A2701_A270108_27003911,34.695902,135.486567,0
313,osaka_A2701_A270108_27005163,34.696462,135.486779,0
314,osaka_A2701_A270108_27005165,34.693531,135.487788,0
315,osaka_A2701_A270108_27009961,34.696022,135.486438,0
316,osaka_A2701_A270108_27015360,34.69329,135.486248,0
317,osaka_A2701_A270108_27017264,34.6966,135.486703,0
318,osaka_A2701_A270108_27032642,34.696888,135.486073,0
319,osaka_A2701_A270108_27042593,34.696407,135.487286,0
320,osaka_A2701_A270108_27049674,34.695865,135.486858,0
321,osaka_A2701_A270108_27050827,34.698627,135.486646,0
322,osaka_A2701_A270108_27053202,34.697819,135.485739,0
323,osaka_A2701_A270108_27053626,34.696625,135.472194,0
324,osaka_A2701_A270108_27054598,34.695399,135.487727,0
325,osaka_A2701_A270108_27057392,34.69955,135.485463,0
326,osaka_A2701_A270108_27058795,34.696185,135.485502,0
327,osaka_A2701_A270108_27058819,34.696364,135.484912,0
328,osaka_A2701_A270108_27058993,34.69377,135.485923,0
329,osaka_A2701_A270108_27066859,34.694544,135.486944,0
330,osaka_A2701_A270108_27072901,34.701004,135.486858,0
331,osaka_A2701_A270108_27075486,34.698984,135.485649,0
332,osaka_A2701_A270108_27077087,34.692468,135.475037,0
333,osaka_A2701_A270108_27077479,34.693589,135.485472,0
334,osaka_A2701_A270108_27077517,34.6927,135.475276,0
335,osaka_A2701_A270108_27083232,34.696364,135.486248,0
336,osaka_A2701_A270108_27085517,34.695394,135.485738,0
337,osaka_A2701_A270108_27091454,34.696338,135.486822,0
338,osaka_A2701_A270108_27091906,34.692812,135.475952,0
339,osaka_A2701_A270108_27092007,34.697296,135.486353,0
340,osaka_A2701_A270108_27092474,34.69637,135.487397,0
341,osaka_A2701_A270108_27093666,34.694629,135.486462,0
342,osaka_A2701_A270108_27095726,34.703076,135.487579,0
343,osaka_A2701_A270108_27096964,34.699799,135.486651,0
344,osaka_A2701_A270108_27097444,34.696302,135.473526,0
345,osaka_A2701_A270108_27098217,34.700149,135.489715,0
346,osaka_A2701_A270108_27106765,34.694893,135.486401,0
347,osaka_A2701_A270201_27000831,34.673743,135.501975,8
348,osaka_A2701_A270201_27000852,34.670271,135.500935,8
349,osaka_A2701_A270201_27000931,34.677965,135.502297,8
350,osaka_A2701_A270201_27001436,34.672245,135.497756,8
351,osaka_A2701_A270201_27001683,34.673659,135.504268,8
352,osaka_A2701_A270201_27001823,34.678255,135.50529,8
353,osaka_A2701_A270201_27001838,34.674199,135.503283,8
354,osaka_A2701_A270201_27003248,34.674659,135.503521,8
355,osaka_A2701_A270201_27004529,34.674232,135.501754,8
356,osaka_A2701_A270201_27005018,34.676391,135.494457,8
357,osaka_A2701_A270201_27005077,34.671824,135.501226,8
358,osaka_A2701_A270201_27005150,34.676995,135.495104,8
359,osaka_A2701_A270201_27011662,34.674441,135.502517,8
360,osaka_A2701_A270201_27012342,34.675897,135.50203,8
361,osaka_A2701_A270201_27012996,34.674384,135.492678,8
362,osaka_A2701_A270201_27013245,34.673424,135.502556,8
363,osaka_A2701_A270201_27013808,34.671115,135.509488,8
364,osaka_A2701_A270201_27013829,34.671821,135.502859,8
365,osaka_A2701_A270201_27014566,34.670552,135.499306,8
366,osaka_A2701_A270201_27015562,34.677803,135.50888,8
367,osaka_A2701_A270201_27040461,34.677874,135.49358,8
368,osaka_A2701_A270201_27041482,34.678464,135.502505,8
369,osaka_A2701_A270201_27043154,34.671734,135.50505,8
370,osaka_A2701_A270201_27044765,34.677804,135.502988,8
371,osaka_A2701_A270201_27045608,34.674804,135.500941,8
372,osaka_A2701_A270201_27050792,34.677087,135.508493,8
373,osaka_A2701_A270201_27051373,34.670453,135.498018,8
374,osaka_A2701_A270201_27053278,34.674624,135.501929,8
375,osaka_A2701_A270201_27064420,34.674039,135.498275,8
376,osaka_A2701_A270201_27067227,34.676885,135.496342,8
377,osaka_A2701_A270201_27073790,34.678673,135.501911,8
378,osaka_A2701_A270201_27085783,34.675819,135.4966,8
379,osaka_A2701_A270201_27086074,34.672829,135.501627,8
380,osaka_A2701_A270201_27086371,34.677821,135.501133,8
381,osaka_A2701_A270201_27088604,34.672853,135.496968,8
382,osaka_A2701_A270201_27090229,34.673907,135.504222,8
383,osaka_A2701_A270201_27091309,34.677679,135.502242,8
384,osaka_A2701_A270201_27093524,34.671804,135.505695,8
385,osaka_A2701_A270201_27094698,34.672596,135.505207,8
386,osaka_A2701_A270201_27094723,34.677742,135.493576,8
387,osaka_A2701_A270201_27094910,34.677922,135.502601,8
388,osaka_A2701_A270201_27101904,34.6763,135.495054,8
389,osaka_A2701_A270201_27104341,34.677664,135.501516,8
390,osaka_A2701_A270201_27105524,34.671037,135.501049,8
391,osaka_A2701_A270201_27110794,34.676336,135.502285,8
392,osaka_A2701_A270201_27112367,34.676212,135.494537,8
393,osaka_A2701_A270201_27120458,34.677427,135.505222,8
394,osaka_A2701_A270202_1023630,34.664139,135.50626,8
395,osaka_A2701_A270202_27000401,34.665391,135.506454,8
396,osaka_A2701_A270202_27001197,34.668091,135.504535,8
397,osaka_A2701_A270202_27001274,34.669629,135.498772,8
398,osaka_A2701_A270202_27001278,34.668376,135.503227,8
399,osaka_A2701_A270202_27001289,34.668473,135.50248,8
400,osaka_A2701_A270202_27001294,34.668747,135.498942,8
401,osaka_A2701_A270202_27001308,34.666221,135.502224,8
402,osaka_A2701_A270202_27001310,34.666323,135.502408,8
403,osaka_A2701_A270202_27001330,34.66211,135.495059,8
404,osaka_A2701_A270202_27001439,34.668063,135.50096,8
405,osaka_A2701_A270202_27001441,34.668034,135.50256,8
406,osaka_A2701_A270202_27001446,34.670493,135.505962,8
407,osaka_A2701_A270202_27001511,34.667963,135.501856,8
408,osaka_A2701_A270202_27001537,34.668148,135.503058,8
409,osaka_A2701_A270202_27001538,34.668077,135.501964,8
410,osaka_A2701_A270202_27001574,34.667949,135.501561,8
411,osaka_A2701_A270202_27001595,34.668536,135.500647,8
412,osaka_A2701_A270202_27001615,34.668821,135.501898,8
413,osaka_A2701_A270202_27002320,34.665219,135.503372,8
414,osaka_A2701_A270202_27002336,34.666127,135.501566,8
415,osaka_A2701_A270202_27002618,34.667901,135.503059,8
416,osaka_A2701_A270202_27002665,34.665592,135.504538,8
417,osaka_A2701_A270202_27002675,34.665369,135.50374,8
418,osaka_A2701_A270202_27002763,34.664032,135.503946,8
419,osaka_A2701_A270202_27003344,34.662059,135.496535,8
420,osaka_A2701_A270202_27003472,34.668118,135.502705,8
421,osaka_A2701_A270202_27003566,34.670283,135.499335,8
422,osaka_A2701_A270202_27004130,34.665108,135.499982,8
423,osaka_A2701_A270202_27004636,34.665284,135.502269,8
424,osaka_A2701_A270202_27004831,34.663748,135.501701,8
425,osaka_A2701_A270202_27005087,34.664166,135.499895,8
426,osaka_A2701_A270202_27005758,34.668381,135.503041,8
427,osaka_A2701_A270202_27006043,34.664606,135.503914,8
428,osaka_A2701_A270202_27007193,34.665511,135.498457,8
429,osaka_A2701_A270202_27011807,34.660475,135.502843,8
430,osaka_A2701_A270202_27012928,34.667421,135.50438,8
431,osaka_A2701_A270202_27013056,34.668037,135.502727,8
432,osaka_A2701_A270202_27013558,34.665354,135.504231,8
433,osaka_A2701_A270202_27015959,34.664355,135.504118,8
434,osaka_A2701_A270202_27017138,34.663773,135.502893,8
435,osaka_A2701_A270202_27023975,34.665276,135.502058,8
436,osaka_A2701_A270202_27024361,34.666485,135.501884,8
437,osaka_A2701_A270202_27037020,34.664052,135.506345,8
438,osaka_A2701_A270202_27042694,34.662903,135.504157,8
439,osaka_A2701_A270202_27043164,34.666823,135.50433,8
440,osaka_A2701_A270202_27043798,34.666294,135.501296,8
441,osaka_A2701_A270202_27044516,34.665644,135.506431,8
442,osaka_A2701_A270202_27045072,34.667734,135.501754,8
443,osaka_A2701_A270202_27050023,34.665313,135.505744,8
444,osaka_A2701_A270202_27050555,34.671188,135.497852,8
445,osaka_A2701_A270202_27051329,34.667213,135.509199,8
446,osaka_A2701_A270202_27051540,34.663778,135.505403,8
447,osaka_A2701_A270202_27051667,34.669302,135.503218,8
448,osaka_A2701_A270202_27059653,34.664255,135.503485,8
449,osaka_A2701_A270202_27062271,34.668564,135.503221,8
450,osaka_A2701_A270202_27064407,34.664862,135.503767,8
451,osaka_A2701_A270202_27070348,34.66734,135.503826,8
452,osaka_A2701_A270202_27070641,34.664414,135.503931,8
453,osaka_A2701_A270202_27070905,34.669624,135.498958,8
454,osaka_A2701_A270202_27072346,34.667565,135.502391,8
455,osaka_A2701_A270202_27072765,34.668282,135.511283,8
456,osaka_A2701_A270202_27075464,34.667122,135.51027,8
457,osaka_A2701_A270202_27076680,34.660475,135.502843,8
458,osaka_A2701_A270202_27077424,34.669221,135.498679,8
459,osaka_A2701_A270202_27077653,34.663242,135.504831,8
460,osaka_A2701_A270202_27078871,34.664862,135.503767,8
461,osaka_A2701_A270202_27079226,34.659523,135.505453,8
462,osaka_A2701_A270202_27080501,34.666229,135.505838,8
463,osaka_A2701_A270202_27081638,34.663591,135.503062,8
464,osaka_A2701_A270202_27084099,34.666234,135.499324,8
465,osaka_A2701_A270202_27084754,34.663731,135.504882,8
466,osaka_A2701_A270202_27086130,34.661048,135.508612,8
467,osaka_A2701_A270202_27095097,34.666586,135.501828,8
468,osaka_A2701_A270202_27096690,34.668267,135.505105,8
469,osaka_A2701_A270202_27096769,34.659849,135.504332,8
470,osaka_A2701_A270202_27098816,34.665511,135.498457,8
471,osaka_A2701_A270202_27101322,34.66276,135.503559,8
472,osaka_A2701_A270202_27111499,34.665463,135.50179,8
473,osaka_A2701_A270202_27111563,34.665463,135.50179,8
474,osaka_A2701_A270202_27112089,34.667138,135.499571,8
475,osaka_A2701_A270203_27002721,34.642737,135.51225,1
476,osaka_A2701_A270203_27002750,34.645332,135.514171,1
477,osaka_A2701_A270203_27004895,34.647772,135.509387,1
478,osaka_A2701_A270203_27008027,34.63406,135.516379,1
479,osaka_A2701_A270203_27008416,34.645043,135.514287,1
480,osaka_A2701_A270203_27010128,34.648444,135.524454,1
481,osaka_A2701_A270203_27011174,34.649991,135.522039,1
482,osaka_A2701_A270203_27015125,34.647931,135.514657,1
483,osaka_A2701_A270203_27017208,34.648861,135.513419,1
484,osaka_A2701_A270203_27019581,34.648126,135.513913,1
485,osaka_A2701_A270203_27021940,34.648357,135.513869,1
486,osaka_A2701_A270203_27042315,34.643065,135.523844,1
487,osaka_A2701_A270203_27046654,34.648383,135.524567,1
488,osaka_A2701_A270203_27049959,34.648584,135.513618,1
489,osaka_A2701_A270203_27056245,34.646008,135.511715,1
490,osaka_A2701_A270203_27056274,34.645849,135.511937,1
491,osaka_A2701_A270203_27056838,34.64588,135.511976,1
492,osaka_A2701_A270203_27059500,34.63406,135.516379,1
493,osaka_A2701_A270203_27062959,34.649376,135.513748,1
494,osaka_A2701_A270203_27064289,34.646468,135.511254,1
495,osaka_A2701_A270203_27066977,34.656254,135.514079,1
496,osaka_A2701_A270203_27072629,34.639674,135.511323,1
497,osaka_A2701_A270203_27086634,34.647848,135.515996,1
498,osaka_A2701_A270203_27088045,34.648865,135.524029,1
499,osaka_A2701_A270203_27100181,34.644634,135.511348,1
500,osaka_A2701_A270203_27110196,34.648646,135.514175,1
501,osaka_A2701_A270204_27000640,34.673509,135.517158,12
502,osaka_A2701_A270204_27004780,34.673469,135.520206,12
503,osaka_A2701_A270204_27004899,34.677834,135.516866,12
504,osaka_A2701_A270204_27009531,34.672342,135.516431,12
505,osaka_A2701_A270204_27010090,34.673708,135.533571,12
506,osaka_A2701_A270204_27012863,34.67395,135.536449,12
507,osaka_A2701_A270204_27024049,34.674694,135.51667,12
508,osaka_A2701_A270204_27042400,34.674246,135.533645,12
509,osaka_A2701_A270204_27059047,34.674179,135.534406,12
510,osaka_A2701_A270204_27060541,34.673667,135.530936,12
511,osaka_A2701_A270204_27060944,34.673642,135.515211,12
512,osaka_A2701_A270204_27065032,34.671625,135.514584,12
513,osaka_A2701_A270204_27067498,34.675666,135.52098,12
514,osaka_A2701_A270204_27069769,34.67688,135.52104,12
515,osaka_A2701_A270204_27075049,34.680104,135.533622,12
516,osaka_A2701_A270204_27091926,34.67346,135.517801,12
517,osaka_A2701_A270204_27097683,34.672817,135.512361,12
518,osaka_A2701_A270204_27098304,34.674018,135.534313,12
519,osaka_A2701_A270204_27099850,34.678935,135.516919,12
520,osaka_A2701_A270204_27104212,34.674269,135.51726,12
521,osaka_A2701_A270204_27118192,34.674285,135.532861,12
522,osaka_A2701_A270205_27000561,34.662009,135.535925,12
523,osaka_A2701_A270205_27000564,34.665643,135.529408,12
524,osaka_A2701_A270205_27000567,34.66541,135.528885,12
525,osaka_A2701_A270205_27000571,34.66495,135.529872,12
526,osaka_A2701_A270205_27000948,34.668594,135.519507,12
527,osaka_A2701_A270205_27002895,34.664654,135.517296,12
528,osaka_A2701_A270205_27003709,34.66636,135.532558,12
529,osaka_A2701_A270205_27004234,34.668168,135.520009,12
530,osaka_A2701_A270205_27007886,34.666255,135.53163,12
531,osaka_A2701_A270205_27011261,34.664356,135.5195,12
532,osaka_A2701_A270205_27011359,34.66564,135.518788,12
533,osaka_A2701_A270205_27012232,34.665645,135.532742,12
534,osaka_A2701_A270205_27014595,34.66564,135.518788,12
535,osaka_A2701_A270205_27015774,34.664905,135.532512,12
536,osaka_A2701_A270205_27020435,34.66624,135.530131,12
537,osaka_A2701_A270205_27027881,34.665821,135.530513,12
538,osaka_A2701_A270205_27050049,34.666243,135.530287,12
539,osaka_A2701_A270205_27050596,34.666998,135.514296,12
540,osaka_A2701_A270205_27054797,34.666314,135.530473,12
541,osaka_A2701_A270205_27060088,34.66613,135.533906,12
542,osaka_A2701_A270205_27060219,34.667012,135.522739,12
543,osaka_A2701_A270205_27079574,34.668186,135.529333,12
544,osaka_A2701_A270205_27087978,34.661973,135.533606,12
545,osaka_A2701_A270205_27091405,34.667362,135.530918,12
546,osaka_A2701_A270205_27091709,34.666193,135.53002,12
547,osaka_A2701_A270205_27094184,34.666156,135.52991,12
548,osaka_A2701_A270205_27097006,34.666221,135.523117,12
549,osaka_A2701_A270205_27114247,34.666307,135.529113,12
550,osaka_A2701_A270206_27000442,34.649803,135.506043,1
551,osaka_A2701_A270206_27000443,34.649694,135.506005,1
552,osaka_A2701_A270206_27001105,34.65329,135.506321,1
553,osaka_A2701_A270206_27001518,34.659849,135.506752,8
554,osaka_A2701_A270206_27002727,34.652638,135.505533,1
555,osaka_A2701_A270206_27002756,34.650243,135.506334,1
556,osaka_A2701_A270206_27002805,34.650471,135.50622,1
557,osaka_A2701_A270206_27002821,34.652982,135.506208,1
558,osaka_A2701_A270206_27002833,34.65029,135.506201,1
559,osaka_A2701_A270206_27003532,34.651589,135.506135,1
560,osaka_A2701_A270206_27004161,34.649524,135.502758,1
561,osaka_A2701_A270206_27004260,34.651602,135.506219,1
562,osaka_A2701_A270206_27005006,34.654572,135.500197,1
563,osaka_A2701_A270206_27005917,34.652813,135.506511,1
564,osaka_A2701_A270206_27008441,34.648705,135.505931,1
565,osaka_A2701_A270206_27009455,34.65142,135.505805,1
566,osaka_A2701_A270206_27009995,34.66881,135.490095,8
567,osaka_A2701_A270206_27011377,34.651006,135.505882,1
568,osaka_A2701_A270206_27013430,34.651602,135.506219,1
569,osaka_A2701_A270206_27015054,34.651395,135.506431,1
570,osaka_A2701_A270206_27016977,34.657328,135.500172,8
571,osaka_A2701_A270206_27017608,34.653775,135.505391,1
572,osaka_A2701_A270206_27020286,34.657328,135.500172,8
573,osaka_A2701_A270206_27025761,34.649289,135.505867,1
574,osaka_A2701_A270206_27032076,34.650614,135.506209,1
575,osaka_A2701_A270206_27032707,34.64692,135.50749,1
576,osaka_A2701_A270206_27042610,34.65035,135.506219,1
577,osaka_A2701_A270206_27042773,34.647787,135.503402,1
578,osaka_A2701_A270206_27045066,34.65035,135.506219,1
579,osaka_A2701_A270206_27049999,34.648299,135.505216,1
580,osaka_A2701_A270206_27052819,34.651198,135.506514,1
581,osaka_A2701_A270206_27052822,34.651198,135.506514,1
582,osaka_A2701_A270206_27053505,34.657328,135.500172,8
583,osaka_A2701_A270206_27058258,34.660737,135.488426,8
584,osaka_A2701_A270206_27058839,34.650186,135.506164,1
585,osaka_A2701_A270206_27059630,34.651445,135.506219,1
586,osaka_A2701_A270206_27065750,34.649414,135.506035,1
587,osaka_A2701_A270206_27071502,34.649186,135.501662,1
588,osaka_A2701_A270206_27079311,34.651317,135.505372,1
589,osaka_A2701_A270206_27083941,34.651062,135.506471,1
590,osaka_A2701_A270206_27088566,34.65071,135.506641,1
591,osaka_A2701_A270206_27092428,34.65071,135.506641,1
592,osaka_A2701_A270206_27093068,34.658277,135.505354,8
593,osaka_A2701_A270206_27103960,34.656864,135.499965,8
594,osaka_A2701_A270206_27110118,34.64986,135.506252,1
595,osaka_A2701_A270206_27111140,34.654789,135.49903,1
596,osaka_A2701_A270301_27001390,34.73372,135.500836,16
597,osaka_A2701_A270301_27011929,34.72709,135.499766,16
598,osaka_A2701_A270301_27012977,34.726533,135.497706,16
599,osaka_A2701_A270301_27013444,34.727037,135.491683,16
600,osaka_A2701_A270301_27017718,34.733225,135.500005,16
601,osaka_A2701_A270301_27040424,34.728321,135.50122,16
602,osaka_A2701_A270301_27045122,34.725499,135.500291,16
603,osaka_A2701_A270301_27049145,34.74005,135.497389,16
604,osaka_A2701_A270301_27053546,34.739136,135.497384,16
605,osaka_A2701_A270301_27054091,34.740288,135.4951,16
606,osaka_A2701_A270301_27060149,34.740348,135.498914,16
607,osaka_A2701_A270301_27060153,34.732954,135.504019,16
608,osaka_A2701_A270301_27060576,34.733816,135.50024,16
609,osaka_A2701_A270301_27060865,34.733816,135.50024,16
610,osaka_A2701_A270301_27064584,34.72546,135.499202,16
611,osaka_A2701_A270301_27068763,34.725823,135.496571,16
612,osaka_A2701_A270301_27077536,34.727804,135.499086,16
613,osaka_A2701_A270301_27077991,34.726726,135.499684,16
614,osaka_A2701_A270301_27080635,34.727318,135.496674,16
615,osaka_A2701_A270301_27082871,34.727328,135.49669,16
616,osaka_A2701_A270301_27084534,34.728537,135.497009,16
617,osaka_A2701_A270301_27086549,34.733466,135.500255,16
618,osaka_A2701_A270301_27091130,34.733574,135.498493,16
619,osaka_A2701_A270301_27095884,34.728409,135.500631,16
620,osaka_A2701_A270301_27098049,34.73372,135.500836,16
621,osaka_A2701_A270301_27098716,34.727045,135.499214,16
622,osaka_A2701_A270301_27102218,34.726479,135.501361,16
623,osaka_A2701_A270301_27105350,34.733437,135.490735,16
624,osaka_A2701_A270301_27110286,34.739839,135.496701,16
625,osaka_A2701_A270301_27114438,34.726791,135.495369,16
626,osaka_A2701_A270302_27000981,34.719224,135.48122,16
627,osaka_A2701_A270302_27001863,34.720876,135.483263,16
628,osaka_A2701_A270302_27001881,34.719951,135.480959,16
629,osaka_A2701_A270302_27004531,34.719837,135.481756,16
630,osaka_A2701_A270302_27006309,34.740741,135.493046,16
631,osaka_A2701_A270302_27008011,34.725369,135.49753,16
632,osaka_A2701_A270302_27012006,34.738584,135.483492,16
633,osaka_A2701_A270302_27014025,34.720549,135.482801,16
634,osaka_A2701_A270302_27014228,34.720735,135.481759,16
635,osaka_A2701_A270302_27014852,34.731979,135.473684,16
636,osaka_A2701_A270302_27015288,34.728166,135.486898,16
637,osaka_A2701_A270302_27044868,34.732413,135.482079,16
638,osaka_A2701_A270302_27049133,34.719181,135.482279,16
639,osaka_A2701_A270302_27062386,34.720735,135.486246,16
640,osaka_A2701_A270302_27073319,34.719691,135.48284,16
641,osaka_A2701_A270302_27082568,34.727724,135.465435,16
642,osaka_A2701_A270302_27083645,34.719637,135.481911,16
643,osaka_A2701_A270302_27089090,34.712465,135.469407,16
644,osaka_A2701_A270302_27089141,34.719463,135.482343,16
645,osaka_A2701_A270302_27093756,34.720495,135.483153,16
646,osaka_A2701_A270302_27094145,34.714792,135.471193,16
647,osaka_A2701_A270302_27097422,34.720129,135.480886,16
648,osaka_A2701_A270302_27097472,34.721199,135.488021,16
649,osaka_A2701_A270302_27097508,34.712895,135.468214,16
650,osaka_A2701_A270302_27098747,34.719798,135.482088,16
651,osaka_A2701_A270302_27106224,34.719901,135.483417,16
652,osaka_A2701_A270302_27107382,34.719798,135.482088,16
653,osaka_A2701_A270302_27117733,34.719035,135.481432,16
654,osaka_A2701_A270304_27000719,34.721735,135.54345,4
655,osaka_A2701_A270304_27004667,34.721731,135.526104,4
656,osaka_A2701_A270304_27014328,34.723854,135.548912,4
657,osaka_A2701_A270304_27015801,34.705624,135.523089,4
658,osaka_A2701_A270304_27044400,34.721424,135.545604,4
659,osaka_A2701_A270304_27044676,34.708564,135.531453,4
660,osaka_A2701_A270304_27052710,34.727017,135.554628,4
661,osaka_A2701_A270304_27068688,34.724051,135.549864,4
662,osaka_A2701_A270304_27070474,34.719669,135.537548,4
663,osaka_A2701_A270304_27078394,34.711277,135.540792,4
664,osaka_A2701_A270304_27092639,34.724402,135.55152,4
665,osaka_A2701_A270304_27105464,34.708305,135.525645,4
666,osaka_A2701_A270304_27107608,34.708665,135.525951,4
667,osaka_A2701_A270305_27004983,34.70147,135.546018,4
668,osaka_A2701_A270305_27019543,34.705454,135.590857,17
669,osaka_A2701_A270305_27020390,34.707035,135.552623,4
670,osaka_A2701_A270305_27041874,34.700222,135.547732,4
671,osaka_A2701_A270305_27044610,34.698529,135.574931,7
672,osaka_A2701_A270305_27075344,34.688834,135.569825,7
673,osaka_A2701_A270305_27080892,34.700602,135.548234,4
674,osaka_A2701_A270305_27086945,34.690356,135.545491,4
675,osaka_A2701_A270305_27089701,34.699856,135.546083,4
676,osaka_A2701_A270305_27117675,34.699649,135.548055,4
677,osaka_A2701_A270306_27002997,34.679507,135.544193,12
678,osaka_A2701_A270306_27002999,34.678259,135.562393,7
679,osaka_A2701_A270306_27003000,34.66918,135.561669,7
680,osaka_A2701_A270306_27007807,34.668989,135.561124,7
681,osaka_A2701_A270306_27010832,34.666438,135.533468,12
682,osaka_A2701_A270306_27018405,34.662176,135.541802,12
683,osaka_A2701_A270306_27032784,34.658965,135.555796,7
684,osaka_A2701_A270306_27063763,34.668299,135.544959,12
685,osaka_A2701_A270306_27074370,34.669533,135.556746,7
686,osaka_A2701_A270306_27075334,34.648155,135.524784,1
687,osaka_A2701_A270306_27087159,34.679992,135.548665,12
688,osaka_A2701_A270306_27099659,34.661737,135.548967,7
689,osaka_A2701_A270306_27118326,34.679321,135.557234,7
690,osaka_A2701_A270307_27002613,34.752219,135.532505,13
691,osaka_A2701_A270307_27051592,34.74519,135.520267,13
692,osaka_A2701_A270307_27075534,34.74011,135.516957,13
693,osaka_A2701_A270307_27080636,34.750151,135.533268,13
694,osaka_A2701_A270307_27085302,34.739666,135.515897,13
695,osaka_A2701_A270307_27108094,34.739877,135.516155,13
696,osaka_A2701_A270401_27000244,34.664731,135.462618,8
697,osaka_A2701_A270401_27000791,34.682823,135.466806,8
698,osaka_A2701_A270401_27002654,34.666441,135.479619,8
699,osaka_A2701_A270401_27002707,34.66481,135.461569,8
700,osaka_A2701_A270401_27005212,34.670155,135.458397,8
701,osaka_A2701_A270401_27011391,34.669889,135.464234,8
702,osaka_A2701_A270401_27015118,34.674452,135.478114,8
703,osaka_A2701_A270401_27017584,34.683931,135.467696,8
704,osaka_A2701_A270401_27073333,34.670047,135.478017,8
705,osaka_A2701_A270401_27082937,34.684407,135.457482,8
706,osaka_A2701_A270401_27085993,34.666619,135.477838,8
707,osaka_A2701_A270401_27097602,34.666407,135.478465,8
708,osaka_A2701_A270402_27012202,34.639948,135.470743,1
709,osaka_A2701_A270403_27009607,34.668654,135.437596,8
710,osaka_A2701_A270403_27012903,34.668654,135.437596,8
711,osaka_A2701_A270403_27030079,34.668654,135.437596,8
712,osaka_A2701_A270404_27002854,34.614322,135.491187,1
713,osaka_A2701_A270404_27003697,34.598878,135.513211,1
714,osaka_A2701_A270404_27013396,34.608114,135.513816,1
715,osaka_A2701_A270404_27014543,34.604063,135.473087,5
716,osaka_A2701_A270404_27018219,34.622844,135.483434,1
717,osaka_A2701_A270404_27026773,34.606655,135.513668,1
718,osaka_A2701_A270404_27057397,34.612159,135.512932,1
719,osaka_A2701_A270404_27061126,34.599175,135.514842,1
720,osaka_A2701_A270404_27062863,34.599203,135.513419,1
721,osaka_A2701_A270404_27084692,34.616765,135.481225,1
722,osaka_A2701_A270404_27097495,34.618898,135.481027,1
723,osaka_A2701_A270404_27098093,34.619718,135.475027,1
724,osaka_A2701_A270404_27105005,34.606656,135.513683,1
725,osaka_A2701_A270405_27000574,34.621269,135.520394,1
726,osaka_A2701_A270405_27011913,34.617575,135.517287,1
727,osaka_A2701_A270405_27013633,34.601602,135.574196,14
728,osaka_A2701_A270405_27017206,34.628691,135.525456,1
729,osaka_A2701_A270405_27044028,34.609152,135.527216,1
730,osaka_A2701_A270405_27066234,34.618422,135.531644,1
731,osaka_A2701_A270405_27082686,34.605917,135.527259,1
732,osaka_A2701_A270405_27101059,34.619396,135.548308,14
733,osaka_A2701_A270406_27001123,34.625261,135.490581,1
734,osaka_A2701_A270406_27007738,34.635973,135.494892,1
735,osaka_A2701_A270406_27011178,34.64231,135.502224,1
736,osaka_A2701_A270406_27015387,34.634744,135.498652,1
737,osaka_A2701_A270406_27019800,34.6299,135.489383,1
738,osaka_A2701_A270406_27019822,34.635543,135.493963,1
739,osaka_A2701_A270406_27019909,34.64414,135.501064,1
740,osaka_A2701_A270406_27020725,34.647103,135.48786,1
741,osaka_A2701_A270406_27022872,34.639993,135.495196,1
742,osaka_A2701_A270406_27023255,34.646359,135.486772,1
743,osaka_A2701_A270406_27025089,34.645183,135.503218,1
744,osaka_A2701_A270406_27052519,34.626166,135.491553,1
745,osaka_A2701_A270406_27054104,34.64789,135.49007,1
746,osaka_A2701_A270406_27054367,34.645574,135.501469,1
747,osaka_A2701_A270406_27054383,34.646372,135.504402,1
748,osaka_A2701_A270406_27058788,34.645561,135.501951,1
749,osaka_A2701_A270406_27059480,34.651469,135.490879,1
750,osaka_A2701_A270406_27067664,34.645421,135.500143,1
751,osaka_A2701_A270406_27067921,34.64559,135.500511,1
752,osaka_A2701_A270406_27097364,34.634014,135.493966,1
753,osaka_A2701_A270407_27086703,34.70639,135.446805,16
754,osaka_A2705_A270501_27001078,34.571832,135.4688,5
755,osaka_A2705_A270501_27003060,34.572547,135.467714,5
756,osaka_A2705_A270501_27003106,34.58138,135.466317,5
757,osaka_A2705_A270501_27006311,34.555212,135.505327,5
758,osaka_A2705_A270501_27007157,34.577145,135.476503,5
759,osaka_A2705_A270501_27007227,34.571221,135.462872,5
760,osaka_A2705_A270501_27007792,34.576268,135.483197,5
761,osaka_A2705_A270501_27008413,34.576725,135.467932,5
762,osaka_A2705_A270501_27011458,34.552953,135.504179,5
763,osaka_A2705_A270501_27011726,34.571157,135.457934,5
764,osaka_A2705_A270501_27013157,34.533793,135.507757,5
765,osaka_A2705_A270501_27014107,34.54381,135.52725,5
766,osaka_A2705_A270501_27014572,34.566215,135.498026,5
767,osaka_A2705_A270501_27017764,34.570314,135.482032,5
768,osaka_A2705_A270501_27022917,34.544252,135.488168,5
769,osaka_A2705_A270501_27031958,34.572751,135.490047,5
770,osaka_A2705_A270501_27045867,34.576327,135.47486,5
771,osaka_A2705_A270501_27046851,34.547966,135.508936,5
772,osaka_A2705_A270501_27049297,34.538849,135.54518,11
773,osaka_A2705_A270501_27051172,34.53987,135.469692,5
774,osaka_A2705_A270501_27052134,34.542158,135.458974,5
775,osaka_A2705_A270501_27052572,34.505433,135.506006,11
776,osaka_A2705_A270501_27059411,34.566875,135.494241,5
777,osaka_A2705_A270501_27060311,34.477464,135.50563,11
778,osaka_A2705_A270501_27061050,34.57608,135.482492,5
779,osaka_A2705_A270501_27062984,34.496751,135.498477,11
780,osaka_A2705_A270501_27068187,34.578249,135.476689,5
781,osaka_A2705_A270501_27073187,34.566648,135.494868,5
782,osaka_A2705_A270501_27074035,34.575749,135.478655,5
783,osaka_A2705_A270501_27075790,34.560602,135.451848,5
784,osaka_A2705_A270501_27076069,34.530682,135.498218,5
785,osaka_A2705_A270501_27079203,34.575364,135.481731,5
786,osaka_A2705_A270501_27080869,34.575695,135.474251,5
787,osaka_A2705_A270501_27096619,34.579457,135.475184,5
788,osaka_A2705_A270501_27099727,34.579599,135.463859,5
789,osaka_A2705_A270502_27006208,34.504317,135.430424,3
790,osaka_A2705_A270502_27023488,34.506833,135.401334,3
791,osaka_A2705_A270502_27040395,34.438441,135.375711,3
792,osaka_A2705_A270502_27042321,34.463889,135.399037,3
793,osaka_A2705_A270502_27047695,34.497483,135.435096,3
794,osaka_A2705_A270502_27051104,34.511329,135.435519,3
795,osaka_A2705_A270502_27086331,34.466086,135.362242,3
796,osaka_A2705_A270503_27014539,34.410639,135.311152,6
797,osaka_A2705_A270503_27018126,34.434827,135.244467,6
798,osaka_A2705_A270503_27068109,34.403764,135.302694,6
799,osaka_A2705_A270503_27092251,34.40362,135.351695,6
800,osaka_A2705_A270504_27004216,34.341644,135.259839,6
801,osaka_A2706_A270601_27003554,34.766825,135.459868,10
802,osaka_A2706_A270601_27004096,34.784839,135.463388,10
803,osaka_A2706_A270601_27006135,34.810354,135.473146,10
804,osaka_A2706_A270601_27009491,34.763622,135.477112,10
805,osaka_A2706_A270601_27012525,34.762833,135.472671,10
806,osaka_A2706_A270601_27013692,34.779845,135.465436,10
807,osaka_A2706_A270601_27054203,34.776189,135.457987,10
808,osaka_A2706_A270601_27059898,34.748963,135.475769,16
809,osaka_A2706_A270601_27066767,34.791492,135.460875,10
810,osaka_A2706_A270601_27069779,34.784773,135.463409,10
811,osaka_A2706_A270601_27096948,34.794606,135.449324,10
812,osaka_A2706_A270601_27103396,34.791486,135.440457,10
813,osaka_A2706_A270602_27002521,34.761008,135.500832,13
814,osaka_A2706_A270602_27003426,34.785806,135.534585,13
815,osaka_A2706_A270602_27004223,34.798848,135.554012,9
816,osaka_A2706_A270602_27010509,34.764712,135.49879,13
817,osaka_A2706_A270602_27017957,34.762813,135.498629,13
818,osaka_A2706_A270602_27019684,34.75738,135.494655,13
819,osaka_A2706_A270602_27042705,34.805894,135.508254,13
820,osaka_A2706_A270602_27044590,34.759802,135.525354,13
821,osaka_A2706_A270602_27054886,34.773005,135.505814,13
822,osaka_A2706_A270602_27066559,34.762158,135.502299,13
823,osaka_A2706_A270602_27069878,34.757928,135.497421,13
824,osaka_A2706_A270602_27072716,34.75927,135.501724,13
825,osaka_A2706_A270602_27074166,34.765304,135.53347,13
826,osaka_A2706_A270602_27079553,34.773328,135.506763,13
827,osaka_A2706_A270602_27083690,34.764635,135.497152,13
828,osaka_A2706_A270602_27108929,34.755706,135.522417,13
829,osaka_A2706_A270602_27110513,34.766668,135.536238,13
830,osaka_A2706_A270602_27114537,34.761914,135.52487,13
831,osaka_A2706_A270603_27010547,34.796779,135.441761,10
832,osaka_A2706_A270603_27012536,34.800107,135.435437,10
833,osaka_A2706_A270603_27020465,34.816611,135.477094,10
834,osaka_A2706_A270603_27071402,34.814546,135.438782,10
835,osaka_A2706_A270603_27109108,34.810606,135.444483,10
836,osaka_A2706_A270604_27002131,34.828456,135.603128,2
837,osaka_A2706_A270604_27003079,34.795452,135.584787,9
838,osaka_A2706_A270604_27003934,34.821933,135.603454,2
839,osaka_A2706_A270604_27007898,34.84913,135.618094,2
840,osaka_A2706_A270604_27011077,34.814718,135.560936,9
841,osaka_A2706_A270604_27011970,34.850041,135.619737,2
842,osaka_A2706_A270604_27012004,34.849894,135.619438,2
843,osaka_A2706_A270604_27012415,34.847899,135.622091,2
844,osaka_A2706_A270604_27012830,34.775472,135.546521,13
845,osaka_A2706_A270604_27014684,34.848765,135.620439,2
846,osaka_A2706_A270604_27017783,34.852171,135.5926,2
847,osaka_A2706_A270604_27040392,34.849925,135.621677,2
848,osaka_A2706_A270604_27046596,34.816681,135.574463,9
849,osaka_A2706_A270604_27051015,34.849394,135.621583,2
850,osaka_A2706_A270604_27055900,34.852485,135.616785,2
851,osaka_A2706_A270604_27059288,34.851856,135.616618,2
852,osaka_A2706_A270604_27060351,34.795682,135.604547,9
853,osaka_A2706_A270604_27060548,34.849645,135.620381,2
854,osaka_A2706_A270604_27061072,34.853401,135.617015,2
855,osaka_A2706_A270604_27064101,34.849851,135.617377,2
856,osaka_A2706_A270604_27064537,34.803604,135.556675,9
857,osaka_A2706_A270604_27065140,34.809255,135.580903,9
858,osaka_A2706_A270604_27083778,34.838199,135.592944,2
859,osaka_A2706_A270604_27085768,34.812824,135.574758,9
860,osaka_A2706_A270604_27088365,34.852598,135.615077,2
861,osaka_A2706_A270604_27092499,34.850249,135.619737,2
862,osaka_A2706_A270604_27093116,34.851016,135.621629,2
863,osaka_A2706_A270604_27097061,34.845522,135.618519,2
864,osaka_A2707_A270701_27004023,34.72753,135.556875,4
865,osaka_A2707_A270701_27011389,34.730772,135.572776,17
866,osaka_A2707_A270701_27011874,34.734149,135.572333,17
867,osaka_A2707_A270701_27012380,34.741807,135.568747,17
868,osaka_A2707_A270701_27013171,34.736102,135.561304,4
869,osaka_A2707_A270701_27014836,34.725884,135.617478,17
870,osaka_A2707_A270701_27017094,34.727998,135.556698,4
871,osaka_A2707_A270701_27061274,34.738307,135.564911,4
872,osaka_A2707_A270701_27078739,34.727885,135.556787,4
873,osaka_A2707_A270701_27094812,34.730447,135.593091,17
874,osaka_A2707_A270702_27003087,34.820469,135.676442,15
875,osaka_A2707_A270702_27004018,34.767021,135.630869,15
876,osaka_A2707_A270702_27056294,34.809312,135.698922,15
877,osaka_A2707_A270702_27077026,34.786556,135.630278,15
878,osaka_A2707_A270702_27077336,34.799168,135.628208,15
879,osaka_A2707_A270702_27077583,34.777686,135.624536,15
880,osaka_A2707_A270702_27078379,34.766814,135.623586,15
881,osaka_A2707_A270702_27080515,34.746956,135.610804,17
882,osaka_A2707_A270702_27093194,34.812926,135.685568,15
883,osaka_A2707_A270702_27094977,34.783892,135.628275,15
884,osaka_A2707_A270703_27003470,34.687879,135.623872,17
885,osaka_A2707_A270703_27004480,34.665073,135.599143,7
886,osaka_A2707_A270703_27012498,34.663003,135.562893,7
887,osaka_A2707_A270703_27013718,34.662497,135.561952,7
888,osaka_A2707_A270703_27015307,34.666753,135.566028,7
889,osaka_A2707_A270703_27019201,34.664769,135.562801,7
890,osaka_A2707_A270703_27023006,34.674113,135.563539,7
891,osaka_A2707_A270703_27023042,34.683331,135.623853,17
892,osaka_A2707_A270703_27033248,34.688227,135.589255,7
893,osaka_A2707_A270703_27040283,34.669159,135.565871,7
894,osaka_A2707_A270703_27043187,34.688009,135.581554,7
895,osaka_A2707_A270703_27055337,34.651494,135.585676,7
896,osaka_A2707_A270703_27066822,34.664303,135.560442,7
897,osaka_A2707_A270703_27073370,34.667349,135.599017,7
898,osaka_A2707_A270703_27085429,34.697958,135.603202,17
899,osaka_A2707_A270703_27097057,34.663839,135.588468,7
900,osaka_A2707_A270703_27097554,34.661873,135.562857,7
901,osaka_A2707_A270703_27103068,34.651026,135.580613,7
902,osaka_A2707_A270703_27109217,34.684921,135.624592,17
903,osaka_A2707_A270703_27120794,34.668958,135.564137,7
904,osaka_A2707_A270703_27122790,34.657533,135.571706,7
905,osaka_A2707_A270704_27003049,34.731517,135.630981,17
906,osaka_A2707_A270704_27003163,34.710352,135.622615,17
907,osaka_A2707_A270704_27011240,34.801551,135.675023,15
908,osaka_A2707_A270704_27013548,34.793742,135.669067,15
909,osaka_A2707_A270704_27052338,34.73247,135.639824,17
910,osaka_A2707_A270704_27054613,34.699136,135.607593,17
911,osaka_A2707_A270704_27059436,34.731691,135.639565,17
912,osaka_A2707_A270705_27013624,34.620093,135.598459,14
913,osaka_A2707_A270705_27019261,34.640067,135.590841,7
914,osaka_A2707_A270705_27019530,34.593826,135.582292,14
915,osaka_A2707_A270705_27019694,34.613358,135.585178,14
916,osaka_A2707_A270705_27024091,34.632175,135.602482,14
917,osaka_A2707_A270705_27042417,34.641512,135.603415,7
918,osaka_A2707_A270705_27051582,34.627863,135.594909,14
919,osaka_A2707_A270705_27066366,34.638364,135.598914,7
920,osaka_A2707_A270705_27091749,34.63462,135.590177,7
921,osaka_A2708_A270801_27003719,34.548318,135.602316,14
922,osaka_A2708_A270801_27007813,34.583743,135.562243,14
923,osaka_A2708_A270801_27009970,34.573599,135.604842,14
924,osaka_A2708_A270801_27075624,34.586716,135.550661,14
925,osaka_A2708_A270802_27007782,34.486304,135.552673,11
926,osaka_A2708_A270802_27009072,34.493694,135.548101,11
927,osaka_A2708_A270802_27017191,34.482367,135.555039,11
928,osaka_A2708_A270802_27053353,34.484539,135.554027,11
929,osaka_A2708_A270803_27022974,34.457984,135.568941,11
