店舗,緯度,経度
osaka_A2701_A270101_27000166,34.697892,135.497628
osaka_A2701_A270101_27000184,34.697522,135.500042
osaka_A2701_A270101_27000188,34.697633,135.499743
osaka_A2701_A270101_27000217,34.696379,135.498201
osaka_A2701_A270101_27000297,34.70349,135.497803
osaka_A2701_A270101_27000315,34.702495,135.500849
osaka_A2701_A270101_27000322,34.704732,135.490622
osaka_A2701_A270101_27000614,34.711141,135.500948
osaka_A2701_A270101_27000763,34.698698,135.491537
osaka_A2701_A270101_27001902,34.702968,135.499527
osaka_A2701_A270101_27002171,34.697603,135.495288
osaka_A2701_A270101_27002481,34.705967,135.498475
osaka_A2701_A270101_27003232,34.711285,135.499701
osaka_A2701_A270101_27003367,34.6979,135.497796
osaka_A2701_A270101_27003533,34.698934,135.497954
osaka_A2701_A270101_27003766,34.698779,135.499416
osaka_A2701_A270101_27003858,34.704606,135.500342
osaka_A2701_A270101_27004267,34.699413,135.495301
osaka_A2701_A270101_27006074,34.696401,135.50036
osaka_A2701_A270101_27006469,34.703622,135.498385
osaka_A2701_A270101_27006684,34.712523,135.499648
osaka_A2701_A270101_27009408,34.698779,135.499416
osaka_A2701_A270101_27012248,34.70358,135.498081
osaka_A2701_A270101_27013772,34.698779,135.499416
osaka_A2701_A270101_27015312,34.698779,135.499416
osaka_A2701_A270101_27015342,34.709053,135.501434
osaka_A2701_A270101_27043360,34.698934,135.497954
osaka_A2701_A270101_27043596,34.697011,135.49833
osaka_A2701_A270101_27043878,34.698934,135.497954
osaka_A2701_A270101_27044588,34.697835,135.49849
osaka_A2701_A270101_27045333,34.697909,135.492585
osaka_A2701_A270101_27046071,34.697276,135.497145
osaka_A2701_A270101_27050149,34.696072,135.497685
osaka_A2701_A270101_27051831,34.697995,135.495937
osaka_A2701_A270101_27052204,34.70358,135.498081
osaka_A2701_A270101_27052272,34.69508,135.500759
osaka_A2701_A270101_27054292,34.702146,135.499957
osaka_A2701_A270101_27056300,34.698779,135.499416
osaka_A2701_A270101_27056537,34.698797,135.503043
osaka_A2701_A270101_27057161,34.70294,135.49555
osaka_A2701_A270101_27057420,34.696072,135.497685
osaka_A2701_A270101_27058412,34.69699,135.497225
osaka_A2701_A270101_27059284,34.696559,135.497685
osaka_A2701_A270101_27060358,34.703865,135.500578
osaka_A2701_A270101_27062999,34.699618,135.49879
osaka_A2701_A270101_27065615,34.696507,135.497158
osaka_A2701_A270101_27067874,34.702999,135.506063
osaka_A2701_A270101_27069919,34.707519,135.507204
osaka_A2701_A270101_27071287,34.701546,135.505225
osaka_A2701_A270101_27072441,34.697586,135.499583
osaka_A2701_A270101_27072543,34.70411,135.49479
osaka_A2701_A270101_27074379,34.696281,135.496894
osaka_A2701_A270101_27074484,34.703424,135.500613
osaka_A2701_A270101_27074795,34.703358,135.490465
osaka_A2701_A270101_27076552,34.711735,135.496858
osaka_A2701_A270101_27080479,34.700835,135.501685
osaka_A2701_A270101_27084317,34.708842,135.508061
osaka_A2701_A270101_27084544,34.70294,135.49555
osaka_A2701_A270101_27085007,34.711086,135.500549
osaka_A2701_A270101_27085130,34.70411,135.506136
osaka_A2701_A270101_27085402,34.706547,135.4878
osaka_A2701_A270101_27087157,34.705201,135.495651
osaka_A2701_A270101_27088923,34.708494,135.507057
osaka_A2701_A270101_27091267,34.703425,135.498975
osaka_A2701_A270101_27091294,34.697951,135.494839
osaka_A2701_A270101_27092018,34.695685,135.499274
osaka_A2701_A270101_27092383,34.705027,135.498427
osaka_A2701_A270101_27093070,34.705967,135.498475
osaka_A2701_A270101_27099114,34.698018,135.498713
osaka_A2701_A270101_27102306,34.70294,135.49555
osaka_A2701_A270101_27102312,34.70294,135.49555
osaka_A2701_A270101_27104891,34.71131,135.499996
osaka_A2701_A270101_27105162,34.70094,135.499003
osaka_A2701_A270101_27119787,34.697572,135.497888
osaka_A2701_A270102_27000005,34.690015,135.503782
osaka_A2701_A270102_27001653,34.691164,135.503435
osaka_A2701_A270102_27002376,34.690647,135.497127
osaka_A2701_A270102_27002387,34.696038,135.502995
osaka_A2701_A270102_27002769,34.689473,135.495384
osaka_A2701_A270102_27003694,34.689483,135.51003
osaka_A2701_A270102_27004672,34.687312,135.506802
osaka_A2701_A270102_27004773,34.687812,135.494869
osaka_A2701_A270102_27004971,34.687801,135.505883
osaka_A2701_A270102_27009454,34.687486,135.508206
osaka_A2701_A270102_27015618,34.688209,135.508615
osaka_A2701_A270102_27026547,34.687996,135.503793
osaka_A2701_A270102_27027893,34.689622,135.493396
osaka_A2701_A270102_27052316,34.691743,135.495586
osaka_A2701_A270102_27052440,34.686215,135.493676
osaka_A2701_A270102_27060282,34.689046,135.494758
osaka_A2701_A270102_27060424,34.690015,135.510031
osaka_A2701_A270102_27064714,34.687232,135.494294
osaka_A2701_A270102_27065591,34.687502,135.49752
osaka_A2701_A270102_27067203,34.688671,135.495918
osaka_A2701_A270102_27073555,34.68638,135.49894
osaka_A2701_A270102_27074638,34.69034,135.508678
osaka_A2701_A270102_27078520,34.691533,135.50459
osaka_A2701_A270102_27079112,34.689543,135.495054
osaka_A2701_A270102_27085978,34.6892,135.50482
osaka_A2701_A270102_27087777,34.687911,135.502967
osaka_A2701_A270102_27089982,34.68966,135.50425            
osaka_A2701_A270102_27090304,34.687336,135.510045
osaka_A2701_A270102_27093042,34.688572,135.507694
osaka_A2701_A270102_27094721,34.689273,135.493212
osaka_A2701_A270102_27098694,34.687801,135.495233
osaka_A2701_A270102_27106100,34.689224,135.492954
osaka_A2701_A270102_27107948,34.687475,135.502749
osaka_A2701_A270103_27000526,34.707702,135.509477
osaka_A2701_A270103_27000527,34.708018,135.512452
osaka_A2701_A270103_27000530,34.714015,135.510869
osaka_A2701_A270103_27000533,34.70754,135.510469
osaka_A2701_A270103_27000534,34.707545,135.510565
osaka_A2701_A270103_27002204,34.706291,135.511578
osaka_A2701_A270103_27002205,34.707758,135.511596
osaka_A2701_A270103_27002207,34.707692,135.511444
osaka_A2701_A270103_27002214,34.699061,135.513532
osaka_A2701_A270103_27002267,34.698221,135.51157
osaka_A2701_A270103_27002272,34.696738,135.518351
osaka_A2701_A270103_27002277,34.708303,135.511044
osaka_A2701_A270103_27002280,34.702006,135.511662
osaka_A2701_A270103_27002291,34.696343,135.509696
osaka_A2701_A270103_27002322,34.710185,135.511161
osaka_A2701_A270103_27003229,34.711231,135.51115
osaka_A2701_A270103_27003230,34.711231,135.51115
osaka_A2701_A270103_27003383,34.710253,135.507705
osaka_A2701_A270103_27003763,34.693805,135.517311
osaka_A2701_A270103_27003769,34.697106,135.51157
osaka_A2701_A270103_27004204,34.7059,135.511919
osaka_A2701_A270103_27004332,34.708892,135.51155
osaka_A2701_A270103_27004358,34.70225,135.510303
osaka_A2701_A270103_27004399,34.706623,135.511233
osaka_A2701_A270103_27004401,34.707562,135.513871
osaka_A2701_A270103_27004477,34.705519,135.511937
osaka_A2701_A270103_27005842,34.705844,135.511891
osaka_A2701_A270103_27006641,34.707804,135.511394
osaka_A2701_A270103_27007203,34.705927,135.511622
osaka_A2701_A270103_27007840,34.709642,135.510978
osaka_A2701_A270103_27007885,34.700104,135.50965
osaka_A2701_A270103_27009169,34.707323,135.512803
osaka_A2701_A270103_27009941,34.695469,135.511573
osaka_A2701_A270103_27010824,34.705473,135.511686
osaka_A2701_A270103_27011477,34.70655,135.511236
osaka_A2701_A270103_27011685,34.697341,135.508245
osaka_A2701_A270103_27011890,34.6985,135.511973
osaka_A2701_A270103_27011969,34.706754,135.511932
osaka_A2701_A270103_27012484,34.695784,135.511639
osaka_A2701_A270103_27012753,34.707362,135.513208
osaka_A2701_A270103_27013555,34.698763,135.511808
osaka_A2701_A270103_27018067,34.704148,135.511319
osaka_A2701_A270103_27018753,34.710012,135.512676
osaka_A2701_A270103_27019627,34.705545,135.51167
osaka_A2701_A270103_27020458,34.707982,135.512201
osaka_A2701_A270103_27020801,34.708405,135.511905
osaka_A2701_A270103_27020806,34.697839,135.518326
osaka_A2701_A270103_27023038,34.706824,135.511499
osaka_A2701_A270103_27040987,34.699357,135.512715
osaka_A2701_A270103_27041018,34.703489,135.511265
osaka_A2701_A270103_27041620,34.70686,135.512305
osaka_A2701_A270103_27042046,34.699967,135.512766
osaka_A2701_A270103_27042439,34.707144,135.512075
osaka_A2701_A270103_27044987,34.705754,135.507669
osaka_A2701_A270103_27053555,34.713236,135.50551
osaka_A2701_A270103_27055818,34.69652,135.51164
osaka_A2701_A270103_27056327,34.709892,135.511136
osaka_A2701_A270103_27056367,34.707368,135.506546
osaka_A2701_A270103_27060137,34.699615,135.506597
osaka_A2701_A270103_27061014,34.705105,135.511516
osaka_A2701_A270103_27061676,34.695242,135.507835
osaka_A2701_A270103_27062565,34.70754,135.509893
osaka_A2701_A270103_27063993,34.706143,135.510482
osaka_A2701_A270103_27064698,34.707079,135.512773
osaka_A2701_A270103_27065828,34.703303,135.511666
osaka_A2701_A270103_27068884,34.69704,135.514254
osaka_A2701_A270103_27071749,34.70141,135.511219
osaka_A2701_A270103_27074457,34.708178,135.511042
osaka_A2701_A270103_27076635,34.712221,135.510234
osaka_A2701_A270103_27076702,34.714015,135.510869
osaka_A2701_A270103_27077078,34.706078,135.511228
osaka_A2701_A270103_27077316,34.704534,135.511836
osaka_A2701_A270103_27077443,34.703441,135.512766
osaka_A2701_A270103_27079346,34.70844,135.512949
osaka_A2701_A270103_27080059,34.69639,135.505363
osaka_A2701_A270103_27080941,34.710098,135.512387
osaka_A2701_A270103_27081764,34.692706,135.515725
osaka_A2701_A270103_27082162,34.695624,135.511688
osaka_A2701_A270103_27083702,34.706234,135.511228
osaka_A2701_A270103_27083921,34.695712,135.51005
osaka_A2701_A270103_27086717,34.698627,135.51295
osaka_A2701_A270103_27087731,34.697106,135.51157
osaka_A2701_A270103_27087911,34.696838,135.505101            
osaka_A2701_A270103_27088188,34.700533,135.511293
osaka_A2701_A270103_27088273,34.705203,135.51214
osaka_A2701_A270103_27091695,34.700525,135.511464
osaka_A2701_A270103_27094106,34.706028,135.511081
osaka_A2701_A270103_27094256,34.697756,135.503901
osaka_A2701_A270103_27099481,34.706209,135.511854
osaka_A2701_A270103_27101127,34.697444,135.508081
osaka_A2701_A270103_27106055,34.709644,135.511077
osaka_A2701_A270103_27110877,34.712823,135.510357
osaka_A2701_A270103_27112474,34.694877,135.511935
osaka_A2701_A270103_27113697,34.708376,135.5119
osaka_A2701_A270103_27118669,34.699794,135.510737
osaka_A2701_A270104_27058615,34.683237,135.514239
osaka_A2701_A270104_27062194,34.682515,135.51214
osaka_A2701_A270104_27064588,34.684246,135.512729
osaka_A2701_A270104_27072330,34.694877,135.511935
osaka_A2701_A270104_27074662,34.687279,135.517665
osaka_A2701_A270104_27075434,34.686233,135.515558
osaka_A2701_A270104_27076165,34.688092,135.516768
osaka_A2701_A270104_27081196,34.685241,135.514732
osaka_A2701_A270104_27081491,34.684261,135.512913
osaka_A2701_A270104_27086725,34.688108,135.516972
osaka_A2701_A270104_27088994,34.684033,135.514369
osaka_A2701_A270104_27092793,34.682822,135.515851
osaka_A2701_A270104_27094540,34.685294,135.517082
osaka_A2701_A270104_27097328,34.690115,135.516403
osaka_A2701_A270104_27104366,34.682927,135.516891
osaka_A2701_A270105_27001084,34.676132,135.483751
osaka_A2701_A270105_27004696,34.677047,135.487029
osaka_A2701_A270105_27017829,34.672951,135.483539
osaka_A2701_A270105_27041650,34.679423,135.487432
osaka_A2701_A270105_27042868,34.67301,135.490239
osaka_A2701_A270105_27044060,34.680493,135.486907
osaka_A2701_A270105_27049938,34.680034,135.489134
osaka_A2701_A270105_27061506,34.683286,135.485407
osaka_A2701_A270105_27065090,34.684993,135.48942
osaka_A2701_A270105_27073357,34.684913,135.489024
osaka_A2701_A270105_27075622,34.682325,135.486397
osaka_A2701_A270105_27085952,34.683132,135.485274
osaka_A2701_A270105_27095877,34.683286,135.485407
osaka_A2701_A270106_27000068,34.684525,135.508357
osaka_A2701_A270106_27000071,34.686024,135.501529
osaka_A2701_A270106_27001073,34.685534,135.507111
osaka_A2701_A270106_27002150,34.679796,135.501344
osaka_A2701_A270106_27007862,34.682762,135.494068
osaka_A2701_A270106_27008161,34.682335,135.50432
osaka_A2701_A270106_27012545,34.686914,135.499457
osaka_A2701_A270106_27014646,34.679857,135.504375
osaka_A2701_A270106_27017929,34.687226,135.498486
osaka_A2701_A270106_27049410,34.682375,135.493755
osaka_A2701_A270106_27050088,34.679422,135.507307
osaka_A2701_A270106_27060177,34.683332,135.49826
osaka_A2701_A270106_27067804,34.685926,135.504667
osaka_A2701_A270106_27071670,34.683871,135.509589
osaka_A2701_A270106_27072653,34.67719,135.508171
osaka_A2701_A270106_27077371,34.68282,135.505393
osaka_A2701_A270106_27077641,34.683273,135.495862
osaka_A2701_A270106_27079657,34.679035,135.49918
osaka_A2701_A270106_27081821,34.678592,135.498038
osaka_A2701_A270106_27082257,34.682524,135.502168
osaka_A2701_A270106_27083077,34.680328,135.49619
osaka_A2701_A270106_27086512,34.682578,135.50166
osaka_A2701_A270106_27086943,34.682273,135.504811
osaka_A2701_A270106_27087256,34.681371,135.495023
osaka_A2701_A270106_27087593,34.680557,135.511734
osaka_A2701_A270106_27089426,34.682236,135.509865
osaka_A2701_A270106_27090650,34.679527,135.498422
osaka_A2701_A270106_27090916,34.685747,135.507757
osaka_A2701_A270106_27091350,34.679787,135.5061
osaka_A2701_A270106_27092078,34.679388,135.510561
osaka_A2701_A270106_27094202,34.686322,135.497171
osaka_A2701_A270106_27094480,34.684546,135.508733
osaka_A2701_A270106_27100196,34.680458,135.493527
osaka_A2701_A270106_27107652,34.679364,135.503327
osaka_A2701_A270106_27111506,34.684149,135.503089
osaka_A2701_A270106_27115366,34.681864,135.506664
osaka_A2701_A270106_27118156,34.680198,135.501326
osaka_A2701_A270106_27121182,34.682968,135.496371
osaka_A2701_A270107_27001131,34.698735,135.535643
osaka_A2701_A270107_27001133,34.698184,135.534481
osaka_A2701_A270107_27002243,34.696469,135.531775
osaka_A2701_A270107_27002273,34.693512,135.526426
osaka_A2701_A270107_27003957,34.681251,135.531635
osaka_A2701_A270107_27004037,34.697599,135.533788
osaka_A2701_A270107_27004363,34.697801,135.534304
osaka_A2701_A270107_27004686,34.69738,135.53464
osaka_A2701_A270107_27004902,34.697375,135.535324
osaka_A2701_A270107_27005121,34.70003,135.534186
osaka_A2701_A270107_27006579,34.697776,135.53422
osaka_A2701_A270107_27007296,34.696902,135.533617
osaka_A2701_A270107_27007906,34.697373,135.534548
osaka_A2701_A270107_27007945,34.698399,135.535439
osaka_A2701_A270107_27008975,34.696174,135.531146
osaka_A2701_A270107_27013765,34.697781,135.534125
osaka_A2701_A270107_27013801,34.67797,135.535555
osaka_A2701_A270107_27014445,34.697941,135.534515
osaka_A2701_A270107_27015214,34.69669,135.533912
osaka_A2701_A270107_27017468,34.697595,135.534575
osaka_A2701_A270107_27017735,34.698228,135.533686
osaka_A2701_A270107_27018707,34.698316,135.53442
osaka_A2701_A270107_27019125,34.696364,135.529988
osaka_A2701_A270107_27036483,34.698424,135.533693
osaka_A2701_A270107_27041868,34.701002,135.533617
osaka_A2701_A270107_27042677,34.676614,135.532429
osaka_A2701_A270107_27044094,34.697841,135.530418
osaka_A2701_A270107_27049934,34.700778,135.534585
osaka_A2701_A270107_27052971,34.696676,135.530597
osaka_A2701_A270107_27055508,34.697373,135.535266
osaka_A2701_A270107_27075918,34.698684,135.534159
osaka_A2701_A270107_27077286,34.696803,135.533175
osaka_A2701_A270107_27079029,34.697365,135.53489
osaka_A2701_A270107_27083853,34.697859,135.533802
osaka_A2701_A270107_27087149,34.696116,135.531266
osaka_A2701_A270107_27088672,34.698511,135.53365
osaka_A2701_A270107_27089375,34.692917,135.525096
osaka_A2701_A270107_27090383,34.69791,135.533864
osaka_A2701_A270107_27107380,34.702083,135.528209
osaka_A2701_A270107_27109896,34.697373,135.534548
osaka_A2701_A270108_27000046,34.689085,135.476288
osaka_A2701_A270108_27001230,34.694589,135.487081
osaka_A2701_A270108_27002682,34.699901,135.489622
osaka_A2701_A270108_27002698,34.684286,135.477717
osaka_A2701_A270108_27003911,34.695902,135.486567
osaka_A2701_A270108_27005163,34.696462,135.486779
osaka_A2701_A270108_27005165,34.693531,135.487788
osaka_A2701_A270108_27009961,34.696022,135.486438
osaka_A2701_A270108_27015360,34.69329,135.486248
osaka_A2701_A270108_27017264,34.6966,135.486703
osaka_A2701_A270108_27032642,34.696888,135.486073
osaka_A2701_A270108_27042593,34.696407,135.487286
osaka_A2701_A270108_27049674,34.695865,135.486858
osaka_A2701_A270108_27050827,34.698627,135.486646
osaka_A2701_A270108_27053202,34.697819,135.485739
osaka_A2701_A270108_27053626,34.696625,135.472194
osaka_A2701_A270108_27054598,34.695399,135.487727
osaka_A2701_A270108_27057392,34.69955,135.485463
osaka_A2701_A270108_27058795,34.696185,135.485502
osaka_A2701_A270108_27058819,34.696364,135.484912
osaka_A2701_A270108_27058993,34.69377,135.485923
osaka_A2701_A270108_27066859,34.694544,135.486944
osaka_A2701_A270108_27072901,34.701004,135.486858
osaka_A2701_A270108_27075486,34.698984,135.485649
osaka_A2701_A270108_27077087,34.692468,135.475037
osaka_A2701_A270108_27077479,34.693589,135.485472
osaka_A2701_A270108_27077517,34.6927,135.475276
osaka_A2701_A270108_27083232,34.696364,135.486248
osaka_A2701_A270108_27085517,34.695394,135.485738
osaka_A2701_A270108_27091454,34.696338,135.486822
osaka_A2701_A270108_27091906,34.692812,135.475952
osaka_A2701_A270108_27092007,34.697296,135.486353
osaka_A2701_A270108_27092474,34.69637,135.487397
osaka_A2701_A270108_27093666,34.694629,135.486462
osaka_A2701_A270108_27095726,34.703076,135.487579
osaka_A2701_A270108_27096964,34.699799,135.486651
osaka_A2701_A270108_27097444,34.696302,135.473526
osaka_A2701_A270108_27098217,34.700149,135.489715
osaka_A2701_A270108_27106765,34.694893,135.486401
osaka_A2701_A270201_27000831,34.673743,135.501975
osaka_A2701_A270201_27000852,34.670271,135.500935
osaka_A2701_A270201_27000931,34.677965,135.502297
osaka_A2701_A270201_27001436,34.672245,135.497756
osaka_A2701_A270201_27001683,34.673659,135.504268
osaka_A2701_A270201_27001823,34.678255,135.50529
osaka_A2701_A270201_27001838,34.674199,135.503283
osaka_A2701_A270201_27003248,34.674659,135.503521
osaka_A2701_A270201_27004529,34.674232,135.501754
osaka_A2701_A270201_27005018,34.676391,135.494457
osaka_A2701_A270201_27005077,34.671824,135.501226
osaka_A2701_A270201_27005150,34.676995,135.495104
osaka_A2701_A270201_27011662,34.674441,135.502517
osaka_A2701_A270201_27012342,34.675897,135.50203
osaka_A2701_A270201_27012996,34.674384,135.492678
osaka_A2701_A270201_27013245,34.673424,135.502556
osaka_A2701_A270201_27013808,34.671115,135.509488
osaka_A2701_A270201_27013829,34.671821,135.502859
osaka_A2701_A270201_27014566,34.670552,135.499306
osaka_A2701_A270201_27015562,34.677803,135.50888
osaka_A2701_A270201_27040461,34.677874,135.49358
osaka_A2701_A270201_27041482,34.678464,135.502505
osaka_A2701_A270201_27043154,34.671734,135.50505
osaka_A2701_A270201_27044765,34.677804,135.502988
osaka_A2701_A270201_27045608,34.674804,135.500941
osaka_A2701_A270201_27050792,34.677087,135.508493
osaka_A2701_A270201_27051373,34.670453,135.498018
osaka_A2701_A270201_27053278,34.674624,135.501929
osaka_A2701_A270201_27064420,34.674039,135.498275
osaka_A2701_A270201_27067227,34.676885,135.496342
osaka_A2701_A270201_27073790,34.678673,135.501911
osaka_A2701_A270201_27085783,34.675819,135.4966
osaka_A2701_A270201_27086074,34.672829,135.501627
osaka_A2701_A270201_27086371,34.677821,135.501133
osaka_A2701_A270201_27088604,34.672853,135.496968
osaka_A2701_A270201_27090229,34.673907,135.504222
osaka_A2701_A270201_27091309,34.677679,135.502242
osaka_A2701_A270201_27093524,34.671804,135.505695
osaka_A2701_A270201_27094698,34.672596,135.505207
osaka_A2701_A270201_27094723,34.677742,135.493576
osaka_A2701_A270201_27094910,34.677922,135.502601
osaka_A2701_A270201_27101904,34.6763,135.495054
osaka_A2701_A270201_27104341,34.677664,135.501516
osaka_A2701_A270201_27105524,34.671037,135.501049
osaka_A2701_A270201_27110794,34.676336,135.502285
osaka_A2701_A270201_27112367,34.676212,135.494537
osaka_A2701_A270201_27120458,34.677427,135.505222
osaka_A2701_A270202_1023630,34.664139,135.50626
osaka_A2701_A270202_27000401,34.665391,135.506454
osaka_A2701_A270202_27001197,34.668091,135.504535
osaka_A2701_A270202_27001274,34.669629,135.498772
osaka_A2701_A270202_27001278,34.668376,135.503227
osaka_A2701_A270202_27001289,34.668473,135.50248
osaka_A2701_A270202_27001294,34.668747,135.498942
osaka_A2701_A270202_27001308,34.666221,135.502224
osaka_A2701_A270202_27001310,34.666323,135.502408
osaka_A2701_A270202_27001330,34.66211,135.495059
osaka_A2701_A270202_27001439,34.668063,135.50096
osaka_A2701_A270202_27001441,34.668034,135.50256
osaka_A2701_A270202_27001446,34.670493,135.505962
osaka_A2701_A270202_27001511,34.667963,135.501856
osaka_A2701_A270202_27001537,34.668148,135.503058
osaka_A2701_A270202_27001538,34.668077,135.501964
osaka_A2701_A270202_27001574,34.667949,135.501561
osaka_A2701_A270202_27001595,34.668536,135.500647
osaka_A2701_A270202_27001615,34.668821,135.501898
osaka_A2701_A270202_27002320,34.665219,135.503372
osaka_A2701_A270202_27002336,34.666127,135.501566
osaka_A2701_A270202_27002618,34.667901,135.503059
osaka_A2701_A270202_27002665,34.665592,135.504538
osaka_A2701_A270202_27002675,34.665369,135.50374
osaka_A2701_A270202_27002763,34.664032,135.503946
osaka_A2701_A270202_27003344,34.662059,135.496535
osaka_A2701_A270202_27003472,34.668118,135.502705
osaka_A2701_A270202_27003566,34.670283,135.499335
osaka_A2701_A270202_27004130,34.665108,135.499982
osaka_A2701_A270202_27004636,34.665284,135.502269
osaka_A2701_A270202_27004831,34.663748,135.501701
osaka_A2701_A270202_27005087,34.664166,135.499895
osaka_A2701_A270202_27005758,34.668381,135.503041
osaka_A2701_A270202_27006043,34.664606,135.503914
osaka_A2701_A270202_27007193,34.665511,135.498457
osaka_A2701_A270202_27011807,34.660475,135.502843
osaka_A2701_A270202_27012928,34.667421,135.50438
osaka_A2701_A270202_27013056,34.668037,135.502727
osaka_A2701_A270202_27013558,34.665354,135.504231
osaka_A2701_A270202_27015959,34.664355,135.504118
osaka_A2701_A270202_27017138,34.663773,135.502893
osaka_A2701_A270202_27023975,34.665276,135.502058
osaka_A2701_A270202_27024361,34.666485,135.501884
osaka_A2701_A270202_27037020,34.664052,135.506345
osaka_A2701_A270202_27042694,34.662903,135.504157
osaka_A2701_A270202_27043164,34.666823,135.50433
osaka_A2701_A270202_27043798,34.666294,135.501296
osaka_A2701_A270202_27044516,34.665644,135.506431
osaka_A2701_A270202_27045072,34.667734,135.501754
osaka_A2701_A270202_27050023,34.665313,135.505744
osaka_A2701_A270202_27050555,34.671188,135.497852
osaka_A2701_A270202_27051329,34.667213,135.509199
osaka_A2701_A270202_27051540,34.663778,135.505403
osaka_A2701_A270202_27051667,34.669302,135.503218
osaka_A2701_A270202_27059653,34.664255,135.503485
osaka_A2701_A270202_27062271,34.668564,135.503221
osaka_A2701_A270202_27064407,34.664862,135.503767
osaka_A2701_A270202_27070348,34.66734,135.503826
osaka_A2701_A270202_27070641,34.664414,135.503931
osaka_A2701_A270202_27070905,34.669624,135.498958
osaka_A2701_A270202_27072346,34.667565,135.502391
osaka_A2701_A270202_27072765,34.668282,135.511283
osaka_A2701_A270202_27075464,34.667122,135.51027
osaka_A2701_A270202_27076680,34.660475,135.502843
osaka_A2701_A270202_27077424,34.669221,135.498679
osaka_A2701_A270202_27077653,34.663242,135.504831
osaka_A2701_A270202_27078871,34.664862,135.503767
osaka_A2701_A270202_27079226,34.659523,135.505453
osaka_A2701_A270202_27080501,34.666229,135.505838
osaka_A2701_A270202_27081638,34.663591,135.503062
osaka_A2701_A270202_27084099,34.666234,135.499324
osaka_A2701_A270202_27084754,34.663731,135.504882
osaka_A2701_A270202_27086130,34.661048,135.508612
osaka_A2701_A270202_27095097,34.666586,135.501828
osaka_A2701_A270202_27096690,34.668267,135.505105
osaka_A2701_A270202_27096769,34.659849,135.504332
osaka_A2701_A270202_27098816,34.665511,135.498457
osaka_A2701_A270202_27101322,34.66276,135.503559
osaka_A2701_A270202_27111499,34.665463,135.50179
osaka_A2701_A270202_27111563,34.665463,135.50179
osaka_A2701_A270202_27112089,34.667138,135.499571
osaka_A2701_A270203_27002721,34.642737,135.51225
osaka_A2701_A270203_27002750,34.645332,135.514171
osaka_A2701_A270203_27004895,34.647772,135.509387
osaka_A2701_A270203_27008027,34.63406,135.516379
osaka_A2701_A270203_27008416,34.645043,135.514287
osaka_A2701_A270203_27010128,34.648444,135.524454
osaka_A2701_A270203_27011174,34.649991,135.522039
osaka_A2701_A270203_27015125,34.647931,135.514657
osaka_A2701_A270203_27017208,34.648861,135.513419
osaka_A2701_A270203_27019581,34.648126,135.513913
osaka_A2701_A270203_27021940,34.648357,135.513869
osaka_A2701_A270203_27042315,34.643065,135.523844
osaka_A2701_A270203_27046654,34.648383,135.524567
osaka_A2701_A270203_27049959,34.648584,135.513618
osaka_A2701_A270203_27056245,34.646008,135.511715
osaka_A2701_A270203_27056274,34.645849,135.511937
osaka_A2701_A270203_27056838,34.64588,135.511976
osaka_A2701_A270203_27059500,34.63406,135.516379
osaka_A2701_A270203_27062959,34.649376,135.513748
osaka_A2701_A270203_27064289,34.646468,135.511254
osaka_A2701_A270203_27066977,34.656254,135.514079
osaka_A2701_A270203_27072629,34.639674,135.511323
osaka_A2701_A270203_27086634,34.647848,135.515996
osaka_A2701_A270203_27088045,34.648865,135.524029
osaka_A2701_A270203_27100181,34.644634,135.511348
osaka_A2701_A270203_27110196,34.648646,135.514175
osaka_A2701_A270204_27000640,34.673509,135.517158
osaka_A2701_A270204_27004780,34.673469,135.520206
osaka_A2701_A270204_27004899,34.677834,135.516866
osaka_A2701_A270204_27009531,34.672342,135.516431
osaka_A2701_A270204_27010090,34.673708,135.533571
osaka_A2701_A270204_27012863,34.67395,135.536449
osaka_A2701_A270204_27024049,34.674694,135.51667
osaka_A2701_A270204_27042400,34.674246,135.533645
osaka_A2701_A270204_27059047,34.674179,135.534406
osaka_A2701_A270204_27060541,34.673667,135.530936
osaka_A2701_A270204_27060944,34.673642,135.515211
osaka_A2701_A270204_27065032,34.671625,135.514584
osaka_A2701_A270204_27067498,34.675666,135.52098
osaka_A2701_A270204_27069769,34.67688,135.52104
osaka_A2701_A270204_27075049,34.680104,135.533622
osaka_A2701_A270204_27091926,34.67346,135.517801
osaka_A2701_A270204_27097683,34.672817,135.512361
osaka_A2701_A270204_27098304,34.674018,135.534313
osaka_A2701_A270204_27099850,34.678935,135.516919
osaka_A2701_A270204_27104212,34.674269,135.51726
osaka_A2701_A270204_27118192,34.674285,135.532861
osaka_A2701_A270205_27000561,34.662009,135.535925
osaka_A2701_A270205_27000564,34.665643,135.529408
osaka_A2701_A270205_27000567,34.66541,135.528885
osaka_A2701_A270205_27000571,34.66495,135.529872
osaka_A2701_A270205_27000948,34.668594,135.519507
osaka_A2701_A270205_27002895,34.664654,135.517296
osaka_A2701_A270205_27003709,34.66636,135.532558
osaka_A2701_A270205_27004234,34.668168,135.520009
osaka_A2701_A270205_27007886,34.666255,135.53163
osaka_A2701_A270205_27011261,34.664356,135.5195
osaka_A2701_A270205_27011359,34.66564,135.518788
osaka_A2701_A270205_27012232,34.665645,135.532742
osaka_A2701_A270205_27014595,34.66564,135.518788
osaka_A2701_A270205_27015774,34.664905,135.532512
osaka_A2701_A270205_27020435,34.66624,135.530131
osaka_A2701_A270205_27027881,34.665821,135.530513
osaka_A2701_A270205_27050049,34.666243,135.530287
osaka_A2701_A270205_27050596,34.666998,135.514296
osaka_A2701_A270205_27054797,34.666314,135.530473
osaka_A2701_A270205_27060088,34.66613,135.533906
osaka_A2701_A270205_27060219,34.667012,135.522739
osaka_A2701_A270205_27079574,34.668186,135.529333
osaka_A2701_A270205_27087978,34.661973,135.533606
osaka_A2701_A270205_27091405,34.667362,135.530918
osaka_A2701_A270205_27091709,34.666193,135.53002
osaka_A2701_A270205_27094184,34.666156,135.52991
osaka_A2701_A270205_27097006,34.666221,135.523117
osaka_A2701_A270205_27114247,34.666307,135.529113
osaka_A2701_A270206_27000442,34.649803,135.506043
osaka_A2701_A270206_27000443,34.649694,135.506005
osaka_A2701_A270206_27001105,34.65329,135.506321
osaka_A2701_A270206_27001518,34.659849,135.506752
osaka_A2701_A270206_27002727,34.652638,135.505533
osaka_A2701_A270206_27002756,34.650243,135.506334
osaka_A2701_A270206_27002805,34.650471,135.50622
osaka_A2701_A270206_27002821,34.652982,135.506208
osaka_A2701_A270206_27002833,34.65029,135.506201
osaka_A2701_A270206_27003532,34.651589,135.506135
osaka_A2701_A270206_27004161,34.649524,135.502758
osaka_A2701_A270206_27004260,34.651602,135.506219
osaka_A2701_A270206_27005006,34.654572,135.500197
osaka_A2701_A270206_27005917,34.652813,135.506511
osaka_A2701_A270206_27008441,34.648705,135.505931
osaka_A2701_A270206_27009455,34.65142,135.505805
osaka_A2701_A270206_27009995,34.66881,135.490095
osaka_A2701_A270206_27011377,34.651006,135.505882
osaka_A2701_A270206_27013430,34.651602,135.506219
osaka_A2701_A270206_27015054,34.651395,135.506431
osaka_A2701_A270206_27016977,34.657328,135.500172
osaka_A2701_A270206_27017608,34.653775,135.505391
osaka_A2701_A270206_27020286,34.657328,135.500172
osaka_A2701_A270206_27025761,34.649289,135.505867
osaka_A2701_A270206_27032076,34.650614,135.506209
osaka_A2701_A270206_27032707,34.64692,135.50749
osaka_A2701_A270206_27042610,34.65035,135.506219
osaka_A2701_A270206_27042773,34.647787,135.503402
osaka_A2701_A270206_27045066,34.65035,135.506219
osaka_A2701_A270206_27049999,34.648299,135.505216
osaka_A2701_A270206_27052819,34.651198,135.506514
osaka_A2701_A270206_27052822,34.651198,135.506514
osaka_A2701_A270206_27053505,34.657328,135.500172
osaka_A2701_A270206_27058258,34.660737,135.488426
osaka_A2701_A270206_27058839,34.650186,135.506164
osaka_A2701_A270206_27059630,34.651445,135.506219
osaka_A2701_A270206_27065750,34.649414,135.506035
osaka_A2701_A270206_27071502,34.649186,135.501662
osaka_A2701_A270206_27079311,34.651317,135.505372
osaka_A2701_A270206_27083941,34.651062,135.506471
osaka_A2701_A270206_27088566,34.65071,135.506641
osaka_A2701_A270206_27092428,34.65071,135.506641
osaka_A2701_A270206_27093068,34.658277,135.505354
osaka_A2701_A270206_27103960,34.656864,135.499965
osaka_A2701_A270206_27110118,34.64986,135.506252
osaka_A2701_A270206_27111140,34.654789,135.49903
osaka_A2701_A270301_27001390,34.73372,135.500836
osaka_A2701_A270301_27011929,34.72709,135.499766
osaka_A2701_A270301_27012977,34.726533,135.497706
osaka_A2701_A270301_27013444,34.727037,135.491683
osaka_A2701_A270301_27017718,34.733225,135.500005
osaka_A2701_A270301_27040424,34.728321,135.50122
osaka_A2701_A270301_27045122,34.725499,135.500291
osaka_A2701_A270301_27049145,34.74005,135.497389
osaka_A2701_A270301_27053546,34.739136,135.497384
osaka_A2701_A270301_27054091,34.740288,135.4951
osaka_A2701_A270301_27060149,34.740348,135.498914
osaka_A2701_A270301_27060153,34.732954,135.504019
osaka_A2701_A270301_27060576,34.733816,135.50024
osaka_A2701_A270301_27060865,34.733816,135.50024
osaka_A2701_A270301_27064584,34.72546,135.499202
osaka_A2701_A270301_27068763,34.725823,135.496571
osaka_A2701_A270301_27077536,34.727804,135.499086
osaka_A2701_A270301_27077991,34.726726,135.499684
osaka_A2701_A270301_27080635,34.727318,135.496674
osaka_A2701_A270301_27082871,34.727328,135.49669
osaka_A2701_A270301_27084534,34.728537,135.497009
osaka_A2701_A270301_27086549,34.733466,135.500255
osaka_A2701_A270301_27091130,34.733574,135.498493
osaka_A2701_A270301_27095884,34.728409,135.500631
osaka_A2701_A270301_27098049,34.73372,135.500836
osaka_A2701_A270301_27098716,34.727045,135.499214
osaka_A2701_A270301_27102218,34.726479,135.501361
osaka_A2701_A270301_27105350,34.733437,135.490735
osaka_A2701_A270301_27110286,34.739839,135.496701
osaka_A2701_A270301_27114438,34.726791,135.495369
osaka_A2701_A270302_27000981,34.719224,135.48122
osaka_A2701_A270302_27001863,34.720876,135.483263
osaka_A2701_A270302_27001881,34.719951,135.480959
osaka_A2701_A270302_27004531,34.719837,135.481756
osaka_A2701_A270302_27006309,34.740741,135.493046
osaka_A2701_A270302_27008011,34.725369,135.49753
osaka_A2701_A270302_27012006,34.738584,135.483492
osaka_A2701_A270302_27014025,34.720549,135.482801
osaka_A2701_A270302_27014228,34.720735,135.481759
osaka_A2701_A270302_27014852,34.731979,135.473684
osaka_A2701_A270302_27015288,34.728166,135.486898
osaka_A2701_A270302_27044868,34.732413,135.482079
osaka_A2701_A270302_27049133,34.719181,135.482279
osaka_A2701_A270302_27062386,34.720735,135.486246
osaka_A2701_A270302_27073319,34.719691,135.48284
osaka_A2701_A270302_27082568,34.727724,135.465435
osaka_A2701_A270302_27083645,34.719637,135.481911
osaka_A2701_A270302_27089090,34.712465,135.469407
osaka_A2701_A270302_27089141,34.719463,135.482343
osaka_A2701_A270302_27093756,34.720495,135.483153
osaka_A2701_A270302_27094145,34.714792,135.471193
osaka_A2701_A270302_27097422,34.720129,135.480886
osaka_A2701_A270302_27097472,34.721199,135.488021
osaka_A2701_A270302_27097508,34.712895,135.468214
osaka_A2701_A270302_27098747,34.719798,135.482088
osaka_A2701_A270302_27106224,34.719901,135.483417
osaka_A2701_A270302_27107382,34.719798,135.482088
osaka_A2701_A270302_27117733,34.719035,135.481432
osaka_A2701_A270304_27000719,34.721735,135.54345
osaka_A2701_A270304_27004667,34.721731,135.526104
osaka_A2701_A270304_27014328,34.723854,135.548912
osaka_A2701_A270304_27015801,34.705624,135.523089
osaka_A2701_A270304_27044400,34.721424,135.545604
osaka_A2701_A270304_27044676,34.708564,135.531453
osaka_A2701_A270304_27052710,34.727017,135.554628
osaka_A2701_A270304_27068688,34.724051,135.549864
osaka_A2701_A270304_27070474,34.719669,135.537548
osaka_A2701_A270304_27078394,34.711277,135.540792
osaka_A2701_A270304_27092639,34.724402,135.55152
osaka_A2701_A270304_27105464,34.708305,135.525645
osaka_A2701_A270304_27107608,34.708665,135.525951
osaka_A2701_A270305_27004983,34.70147,135.546018
osaka_A2701_A270305_27019543,34.705454,135.590857
osaka_A2701_A270305_27020390,34.707035,135.552623
osaka_A2701_A270305_27041874,34.700222,135.547732
osaka_A2701_A270305_27044610,34.698529,135.574931
osaka_A2701_A270305_27075344,34.688834,135.569825
osaka_A2701_A270305_27080892,34.700602,135.548234
osaka_A2701_A270305_27086945,34.690356,135.545491
osaka_A2701_A270305_27089701,34.699856,135.546083
osaka_A2701_A270305_27117675,34.699649,135.548055
osaka_A2701_A270306_27002997,34.679507,135.544193
osaka_A2701_A270306_27002999,34.678259,135.562393
osaka_A2701_A270306_27003000,34.66918,135.561669
osaka_A2701_A270306_27007807,34.668989,135.561124
osaka_A2701_A270306_27010832,34.666438,135.533468
osaka_A2701_A270306_27018405,34.662176,135.541802
osaka_A2701_A270306_27032784,34.658965,135.555796
osaka_A2701_A270306_27063763,34.668299,135.544959
osaka_A2701_A270306_27074370,34.669533,135.556746
osaka_A2701_A270306_27075334,34.648155,135.524784
osaka_A2701_A270306_27087159,34.679992,135.548665
osaka_A2701_A270306_27099659,34.661737,135.548967
osaka_A2701_A270306_27118326,34.679321,135.557234
osaka_A2701_A270307_27002613,34.752219,135.532505
osaka_A2701_A270307_27051592,34.74519,135.520267
osaka_A2701_A270307_27075534,34.74011,135.516957
osaka_A2701_A270307_27080636,34.750151,135.533268
osaka_A2701_A270307_27085302,34.739666,135.515897
osaka_A2701_A270307_27108094,34.739877,135.516155
osaka_A2701_A270401_27000244,34.664731,135.462618
osaka_A2701_A270401_27000791,34.682823,135.466806
osaka_A2701_A270401_27002654,34.666441,135.479619
osaka_A2701_A270401_27002707,34.66481,135.461569
osaka_A2701_A270401_27005212,34.670155,135.458397
osaka_A2701_A270401_27011391,34.669889,135.464234
osaka_A2701_A270401_27015118,34.674452,135.478114
osaka_A2701_A270401_27017584,34.683931,135.467696
osaka_A2701_A270401_27073333,34.670047,135.478017
osaka_A2701_A270401_27082937,34.684407,135.457482
osaka_A2701_A270401_27085993,34.666619,135.477838
osaka_A2701_A270401_27097602,34.666407,135.478465
osaka_A2701_A270402_27012202,34.639948,135.470743
osaka_A2701_A270403_27009607,34.668654,135.437596
osaka_A2701_A270403_27012903,34.668654,135.437596
osaka_A2701_A270403_27030079,34.668654,135.437596
osaka_A2701_A270404_27002854,34.614322,135.491187
osaka_A2701_A270404_27003697,34.598878,135.513211
osaka_A2701_A270404_27013396,34.608114,135.513816
osaka_A2701_A270404_27014543,34.604063,135.473087
osaka_A2701_A270404_27018219,34.622844,135.483434
osaka_A2701_A270404_27026773,34.606655,135.513668
osaka_A2701_A270404_27057397,34.612159,135.512932
osaka_A2701_A270404_27061126,34.599175,135.514842
osaka_A2701_A270404_27062863,34.599203,135.513419
osaka_A2701_A270404_27084692,34.616765,135.481225
osaka_A2701_A270404_27097495,34.618898,135.481027
osaka_A2701_A270404_27098093,34.619718,135.475027
osaka_A2701_A270404_27105005,34.606656,135.513683
osaka_A2701_A270405_27000574,34.621269,135.520394
osaka_A2701_A270405_27011913,34.617575,135.517287
osaka_A2701_A270405_27013633,34.601602,135.574196
osaka_A2701_A270405_27017206,34.628691,135.525456
osaka_A2701_A270405_27044028,34.609152,135.527216
osaka_A2701_A270405_27066234,34.618422,135.531644
osaka_A2701_A270405_27082686,34.605917,135.527259
osaka_A2701_A270405_27101059,34.619396,135.548308
osaka_A2701_A270406_27001123,34.625261,135.490581
osaka_A2701_A270406_27007738,34.635973,135.494892
osaka_A2701_A270406_27011178,34.64231,135.502224
osaka_A2701_A270406_27015387,34.634744,135.498652
osaka_A2701_A270406_27019800,34.6299,135.489383
osaka_A2701_A270406_27019822,34.635543,135.493963
osaka_A2701_A270406_27019909,34.64414,135.501064
osaka_A2701_A270406_27020725,34.647103,135.48786
osaka_A2701_A270406_27022872,34.639993,135.495196
osaka_A2701_A270406_27023255,34.646359,135.486772
osaka_A2701_A270406_27025089,34.645183,135.503218
osaka_A2701_A270406_27052519,34.626166,135.491553
osaka_A2701_A270406_27054104,34.64789,135.49007
osaka_A2701_A270406_27054367,34.645574,135.501469
osaka_A2701_A270406_27054383,34.646372,135.504402
osaka_A2701_A270406_27058788,34.645561,135.501951
osaka_A2701_A270406_27059480,34.651469,135.490879
osaka_A2701_A270406_27067664,34.645421,135.500143
osaka_A2701_A270406_27067921,34.64559,135.500511
osaka_A2701_A270406_27097364,34.634014,135.493966
osaka_A2701_A270407_27086703,34.70639,135.446805          
osaka_A2705_A270501_27001078,34.571832,135.4688
osaka_A2705_A270501_27003060,34.572547,135.467714
osaka_A2705_A270501_27003106,34.58138,135.466317
osaka_A2705_A270501_27006311,34.555212,135.505327
osaka_A2705_A270501_27007157,34.577145,135.476503
osaka_A2705_A270501_27007227,34.571221,135.462872
osaka_A2705_A270501_27007792,34.576268,135.483197
osaka_A2705_A270501_27008413,34.576725,135.467932
osaka_A2705_A270501_27011458,34.552953,135.504179
osaka_A2705_A270501_27011726,34.571157,135.457934
osaka_A2705_A270501_27013157,34.533793,135.507757
osaka_A2705_A270501_27014107,34.54381,135.52725
osaka_A2705_A270501_27014572,34.566215,135.498026
osaka_A2705_A270501_27017764,34.570314,135.482032
osaka_A2705_A270501_27022917,34.544252,135.488168
osaka_A2705_A270501_27031958,34.572751,135.490047
osaka_A2705_A270501_27045867,34.576327,135.47486
osaka_A2705_A270501_27046851,34.547966,135.508936
osaka_A2705_A270501_27049297,34.538849,135.54518
osaka_A2705_A270501_27051172,34.53987,135.469692
osaka_A2705_A270501_27052134,34.542158,135.458974
osaka_A2705_A270501_27052572,34.505433,135.506006
osaka_A2705_A270501_27059411,34.566875,135.494241
osaka_A2705_A270501_27060311,34.477464,135.50563
osaka_A2705_A270501_27061050,34.57608,135.482492
osaka_A2705_A270501_27062984,34.496751,135.498477
osaka_A2705_A270501_27068187,34.578249,135.476689
osaka_A2705_A270501_27073187,34.566648,135.494868
osaka_A2705_A270501_27074035,34.575749,135.478655
osaka_A2705_A270501_27075790,34.560602,135.451848
osaka_A2705_A270501_27076069,34.530682,135.498218
osaka_A2705_A270501_27079203,34.575364,135.481731
osaka_A2705_A270501_27080869,34.575695,135.474251
osaka_A2705_A270501_27096619,34.579457,135.475184
osaka_A2705_A270501_27099727,34.579599,135.463859
osaka_A2705_A270502_27006208,34.504317,135.430424
osaka_A2705_A270502_27023488,34.506833,135.401334
osaka_A2705_A270502_27040395,34.438441,135.375711
osaka_A2705_A270502_27042321,34.463889,135.399037
osaka_A2705_A270502_27047695,34.497483,135.435096
osaka_A2705_A270502_27051104,34.511329,135.435519
osaka_A2705_A270502_27086331,34.466086,135.362242
osaka_A2705_A270503_27014539,34.410639,135.311152
osaka_A2705_A270503_27018126,34.434827,135.244467
osaka_A2705_A270503_27068109,34.403764,135.302694
osaka_A2705_A270503_27092251,34.40362,135.351695
osaka_A2705_A270504_27004216,34.341644,135.259839
osaka_A2706_A270601_27003554,34.766825,135.459868
osaka_A2706_A270601_27004096,34.784839,135.463388
osaka_A2706_A270601_27006135,34.810354,135.473146
osaka_A2706_A270601_27009491,34.763622,135.477112
osaka_A2706_A270601_27012525,34.762833,135.472671
osaka_A2706_A270601_27013692,34.779845,135.465436
osaka_A2706_A270601_27054203,34.776189,135.457987
osaka_A2706_A270601_27059898,34.748963,135.475769
osaka_A2706_A270601_27066767,34.791492,135.460875
osaka_A2706_A270601_27069779,34.784773,135.463409
osaka_A2706_A270601_27096948,34.794606,135.449324
osaka_A2706_A270601_27103396,34.791486,135.440457
osaka_A2706_A270602_27002521,34.761008,135.500832
osaka_A2706_A270602_27003426,34.785806,135.534585
osaka_A2706_A270602_27004223,34.798848,135.554012
osaka_A2706_A270602_27010509,34.764712,135.49879
osaka_A2706_A270602_27017957,34.762813,135.498629
osaka_A2706_A270602_27019684,34.75738,135.494655
osaka_A2706_A270602_27042705,34.805894,135.508254
osaka_A2706_A270602_27044590,34.759802,135.525354
osaka_A2706_A270602_27054886,34.773005,135.505814
osaka_A2706_A270602_27066559,34.762158,135.502299
osaka_A2706_A270602_27069878,34.757928,135.497421
osaka_A2706_A270602_27072716,34.75927,135.501724
osaka_A2706_A270602_27074166,34.765304,135.53347
osaka_A2706_A270602_27079553,34.773328,135.506763
osaka_A2706_A270602_27083690,34.764635,135.497152
osaka_A2706_A270602_27108929,34.755706,135.522417
osaka_A2706_A270602_27110513,34.766668,135.536238
osaka_A2706_A270602_27114537,34.761914,135.52487
osaka_A2706_A270603_27010547,34.796779,135.441761
osaka_A2706_A270603_27012536,34.800107,135.435437
osaka_A2706_A270603_27020465,34.816611,135.477094
osaka_A2706_A270603_27071402,34.814546,135.438782
osaka_A2706_A270603_27109108,34.810606,135.444483
osaka_A2706_A270604_27002131,34.828456,135.603128
osaka_A2706_A270604_27003079,34.795452,135.584787
osaka_A2706_A270604_27003934,34.821933,135.603454
osaka_A2706_A270604_27007898,34.84913,135.618094
osaka_A2706_A270604_27011077,34.814718,135.560936
osaka_A2706_A270604_27011970,34.850041,135.619737
osaka_A2706_A270604_27012004,34.849894,135.619438
osaka_A2706_A270604_27012415,34.847899,135.622091
osaka_A2706_A270604_27012830,34.775472,135.546521
osaka_A2706_A270604_27014684,34.848765,135.620439
osaka_A2706_A270604_27017783,34.852171,135.5926
osaka_A2706_A270604_27040392,34.849925,135.621677
osaka_A2706_A270604_27046596,34.816681,135.574463
osaka_A2706_A270604_27051015,34.849394,135.621583
osaka_A2706_A270604_27055900,34.852485,135.616785
osaka_A2706_A270604_27059288,34.851856,135.616618
osaka_A2706_A270604_27060351,34.795682,135.604547
osaka_A2706_A270604_27060548,34.849645,135.620381
osaka_A2706_A270604_27061072,34.853401,135.617015
osaka_A2706_A270604_27064101,34.849851,135.617377
osaka_A2706_A270604_27064537,34.803604,135.556675
osaka_A2706_A270604_27065140,34.809255,135.580903
osaka_A2706_A270604_27083778,34.838199,135.592944
osaka_A2706_A270604_27085768,34.812824,135.574758
osaka_A2706_A270604_27088365,34.852598,135.615077
osaka_A2706_A270604_27092499,34.850249,135.619737
osaka_A2706_A270604_27093116,34.851016,135.621629
osaka_A2706_A270604_27097061,34.845522,135.618519
osaka_A2707_A270701_27004023,34.72753,135.556875
osaka_A2707_A270701_27011389,34.730772,135.572776
osaka_A2707_A270701_27011874,34.734149,135.572333
osaka_A2707_A270701_27012380,34.741807,135.568747
osaka_A2707_A270701_27013171,34.736102,135.561304
osaka_A2707_A270701_27014836,34.725884,135.617478
osaka_A2707_A270701_27017094,34.727998,135.556698
osaka_A2707_A270701_27061274,34.738307,135.564911
osaka_A2707_A270701_27078739,34.727885,135.556787
osaka_A2707_A270701_27094812,34.730447,135.593091
osaka_A2707_A270702_27003087,34.820469,135.676442
osaka_A2707_A270702_27004018,34.767021,135.630869
osaka_A2707_A270702_27056294,34.809312,135.698922
osaka_A2707_A270702_27077026,34.786556,135.630278
osaka_A2707_A270702_27077336,34.799168,135.628208
osaka_A2707_A270702_27077583,34.777686,135.624536
osaka_A2707_A270702_27078379,34.766814,135.623586
osaka_A2707_A270702_27080515,34.746956,135.610804
osaka_A2707_A270702_27093194,34.812926,135.685568
osaka_A2707_A270702_27094977,34.783892,135.628275
osaka_A2707_A270703_27003470,34.687879,135.623872
osaka_A2707_A270703_27004480,34.665073,135.599143
osaka_A2707_A270703_27012498,34.663003,135.562893
osaka_A2707_A270703_27013718,34.662497,135.561952
osaka_A2707_A270703_27015307,34.666753,135.566028
osaka_A2707_A270703_27019201,34.664769,135.562801
osaka_A2707_A270703_27023006,34.674113,135.563539
osaka_A2707_A270703_27023042,34.683331,135.623853
osaka_A2707_A270703_27033248,34.688227,135.589255
osaka_A2707_A270703_27040283,34.669159,135.565871
osaka_A2707_A270703_27043187,34.688009,135.581554
osaka_A2707_A270703_27055337,34.651494,135.585676
osaka_A2707_A270703_27066822,34.664303,135.560442
osaka_A2707_A270703_27073370,34.667349,135.599017
osaka_A2707_A270703_27085429,34.697958,135.603202
osaka_A2707_A270703_27097057,34.663839,135.588468
osaka_A2707_A270703_27097554,34.661873,135.562857
osaka_A2707_A270703_27103068,34.651026,135.580613
osaka_A2707_A270703_27109217,34.684921,135.624592
osaka_A2707_A270703_27120794,34.668958,135.564137
osaka_A2707_A270703_27122790,34.657533,135.571706
osaka_A2707_A270704_27003049,34.731517,135.630981
osaka_A2707_A270704_27003163,34.710352,135.622615
osaka_A2707_A270704_27011240,34.801551,135.675023
osaka_A2707_A270704_27013548,34.793742,135.669067
osaka_A2707_A270704_27052338,34.73247,135.639824
osaka_A2707_A270704_27054613,34.699136,135.607593
osaka_A2707_A270704_27059436,34.731691,135.639565
osaka_A2707_A270705_27013624,34.620093,135.598459
osaka_A2707_A270705_27019261,34.640067,135.590841
osaka_A2707_A270705_27019530,34.593826,135.582292
osaka_A2707_A270705_27019694,34.613358,135.585178
osaka_A2707_A270705_27024091,34.632175,135.602482
osaka_A2707_A270705_27042417,34.641512,135.603415
osaka_A2707_A270705_27051582,34.627863,135.594909
osaka_A2707_A270705_27066366,34.638364,135.598914
osaka_A2707_A270705_27091749,34.63462,135.590177
osaka_A2708_A270801_27003719,34.548318,135.602316
osaka_A2708_A270801_27007813,34.583743,135.562243
osaka_A2708_A270801_27009970,34.573599,135.604842
osaka_A2708_A270801_27075624,34.586716,135.550661
osaka_A2708_A270802_27007782,34.486304,135.552673
osaka_A2708_A270802_27009072,34.493694,135.548101
osaka_A2708_A270802_27017191,34.482367,135.555039
osaka_A2708_A270802_27053353,34.484539,135.554027
osaka_A2708_A270803_27022974,34.457984,135.568941
